team,player_link,Rk,Player,Age,G,GS,MP,FG,FGA,FG%,3P,3PA,3P%,2P,2PA,2P%,eFG%,FT,FTA,FT%,ORB,DRB,TRB,AST,STL,BLK,TOV,PF,PTS
ATL,/players/y/youngtr01.html,1,Trae Young,25,50,50,36.5,8.3,19.4,.427,3.3,9.0,.371,4.9,10.4,.476,.513,6.8,7.9,.858,0.4,2.3,2.7,10.9,1.4,0.2,4.3,2.1,26.7
ATL,/players/m/murrade01.html,2,Dejounte Murray,27,52,52,35.0,8.2,17.7,.463,2.3,6.3,.364,5.9,11.4,.518,.528,2.8,3.4,.825,0.7,4.4,5.1,5.3,1.3,0.3,2.3,1.8,21.4
ATL,/players/j/johnsja05.html,3,Jalen Johnson,22,41,38,34.0,6.3,12.0,.524,1.2,3.4,.348,5.1,8.6,.594,.573,2.0,2.7,.743,1.3,7.3,8.6,3.3,1.2,0.9,1.8,2.7,15.7
ATL,/players/b/beysa01.html,4,Saddiq Bey,24,54,42,32.5,4.6,10.8,.422,1.8,5.6,.316,2.8,5.2,.537,.504,2.6,3.1,.829,2.6,3.9,6.6,1.5,0.9,0.1,0.8,1.5,13.5
ATL,/players/b/bogdabo01.html,5,Bogdan Bogdanović,31,53,8,28.9,6.0,14.0,.432,3.1,8.4,.372,2.9,5.6,.520,.543,1.7,1.9,.910,0.6,2.7,3.3,2.8,1.2,0.3,1.2,2.4,16.9
ATL,/players/h/huntede01.html,6,De'Andre Hunter,26,31,24,28.4,5.0,10.6,.470,2.0,4.7,.421,3.0,5.9,.508,.563,3.0,3.4,.894,0.6,3.2,3.8,1.3,0.8,0.4,1.5,2.8,14.9
ATL,/players/o/okongon01.html,7,Onyeka Okongwu,23,53,8,25.8,4.0,6.6,.610,0.4,1.2,.338,3.6,5.4,.671,.641,1.7,2.2,.800,2.7,4.3,7.0,1.3,0.4,1.1,0.8,3.0,10.2
ATL,/players/c/capelca01.html,8,Clint Capela,29,47,47,25.7,4.8,8.4,.575,0.0,0.0,,4.8,8.4,.575,.575,1.8,2.8,.649,4.8,5.8,10.6,1.0,0.6,1.5,0.9,2.4,11.5
BOS,/players/t/tatumja01.html,1,Jayson Tatum,25,52,52,35.8,9.3,19.5,.475,3.1,8.4,.363,6.2,11.0,.561,.554,5.6,6.8,.824,0.9,7.7,8.6,4.8,1.0,0.6,2.5,2.0,27.1
BOS,/players/b/brownja02.html,2,Jaylen Brown,27,50,50,33.4,8.5,17.3,.492,1.9,5.7,.342,6.6,11.6,.566,.549,3.0,4.2,.718,1.1,4.4,5.5,3.7,1.1,0.6,2.5,2.7,22.0
BOS,/players/h/holidjr01.html,3,Jrue Holiday,33,50,50,33.3,5.0,10.5,.473,2.1,4.7,.440,2.9,5.8,.500,.571,1.1,1.3,.833,1.3,4.5,5.9,4.8,0.8,0.7,1.9,1.7,13.1
BOS,/players/w/whitede01.html,4,Derrick White,29,51,51,32.3,5.4,11.7,.462,2.7,6.7,.397,2.7,5.0,.551,.576,2.1,2.3,.891,0.6,3.3,3.9,4.7,1.0,1.2,1.6,2.2,15.6
BOS,/players/p/porzikr01.html,5,Kristaps Porziņģis,28,40,40,29.5,6.8,12.8,.531,1.9,5.0,.368,5.0,7.8,.637,.604,4.8,5.7,.845,1.6,5.4,6.9,1.9,0.6,1.9,1.7,2.8,20.2
BOS,/players/h/horfoal01.html,6,Al Horford,37,45,22,27.2,3.0,6.2,.484,1.6,4.0,.409,1.3,2.1,.625,.617,0.4,0.4,.850,1.2,5.5,6.7,2.9,0.6,1.0,0.7,1.5,8.0
BOS,/players/h/hausesa01.html,7,Sam Hauser,26,54,6,21.5,2.8,6.3,.443,2.2,5.4,.412,0.6,0.9,.638,.620,0.3,0.3,.882,0.6,2.7,3.4,1.0,0.4,0.2,0.5,1.3,8.1
BOS,/players/p/pritcpa01.html,8,Payton Pritchard,26,55,0,20.7,2.9,6.7,.435,1.7,4.5,.380,1.2,2.2,.550,.564,0.5,0.7,.811,0.9,2.3,3.2,2.8,0.4,0.1,0.6,1.3,8.1
BRK,/players/b/bridgmi01.html,1,Mikal Bridges,27,54,54,35.2,7.6,16.9,.452,2.6,6.9,.371,5.1,10.0,.508,.528,3.9,4.6,.829,0.8,4.0,4.9,3.7,0.9,0.4,2.2,1.6,21.7
BRK,/players/d/dinwisp01.html,2,Spencer Dinwiddie,30,48,48,30.7,4.1,10.4,.391,1.9,5.8,.320,2.2,4.6,.480,.480,2.6,3.3,.781,0.5,2.8,3.3,6.0,0.8,0.2,1.3,1.8,12.6
BRK,/players/t/thomaca02.html,3,Cam Thomas,22,45,30,29.7,7.6,17.3,.439,2.0,5.6,.364,5.6,11.8,.474,.497,3.9,4.7,.839,0.4,2.5,2.8,2.6,0.7,0.3,1.8,2.1,21.2
BRK,/players/c/claxtni01.html,4,Nic Claxton,24,44,44,29.4,5.3,8.5,.625,0.0,0.1,.250,5.3,8.5,.629,.626,1.5,2.6,.570,2.9,7.3,10.2,1.9,0.6,2.3,1.2,2.5,12.2
BRK,/players/j/johnsca02.html,5,Cameron Johnson,27,41,40,28.2,5.0,11.1,.455,2.4,6.1,.400,2.6,5.0,.522,.565,1.1,1.6,.734,1.1,3.6,4.7,2.6,0.8,0.3,1.0,1.9,13.7
BRK,/players/f/finnedo01.html,6,Dorian Finney-Smith,30,45,34,28.1,3.2,7.8,.409,2.0,5.3,.376,1.2,2.5,.478,.536,0.4,0.6,.654,1.6,3.0,4.6,1.4,0.7,0.6,0.8,2.3,8.7
BRK,/players/s/simmobe01.html,7,Ben Simmons,27,12,10,25.7,3.2,5.3,.594,0.0,0.0,,3.2,5.3,.594,.594,0.5,1.2,.429,2.3,6.2,8.4,6.5,0.8,0.7,2.1,2.7,6.8
BRK,/players/s/schrode01.html,8,Dennis Schröder,30,3,1,25.3,3.7,10.3,.355,1.7,4.3,.385,2.0,6.0,.333,.435,0.3,1.0,.333,0.0,3.7,3.7,5.3,0.0,0.0,2.0,2.0,9.3
CHI,/players/d/derozde01.html,1,DeMar DeRozan,34,53,53,37.7,7.8,16.6,.472,0.9,2.8,.333,6.9,13.8,.499,.499,6.1,7.2,.852,0.6,3.5,4.1,5.2,1.2,0.6,1.5,2.2,22.7
CHI,/players/w/whiteco01.html,2,Coby White,23,55,55,36.3,7.0,15.1,.463,2.9,7.2,.397,4.1,7.9,.523,.558,2.7,3.3,.824,0.5,4.2,4.7,5.3,0.7,0.2,2.2,2.3,19.6
CHI,/players/l/lavinza01.html,3,Zach LaVine,28,25,23,34.9,6.8,15.0,.452,2.4,6.8,.349,4.4,8.3,.536,.531,3.5,4.1,.854,0.3,4.8,5.2,3.9,0.8,0.3,2.1,2.3,19.5
CHI,/players/v/vucevni01.html,4,Nikola Vučević,33,50,48,34.4,7.4,15.8,.471,1.1,4.1,.275,6.3,11.6,.541,.508,1.4,1.7,.857,2.7,7.9,10.6,3.4,0.7,0.9,1.5,2.6,17.5
CHI,/players/w/willipa01.html,5,Patrick Williams,22,43,30,27.3,3.7,8.3,.443,1.4,3.4,.399,2.3,4.9,.474,.525,1.2,1.5,.788,1.1,2.8,3.9,1.5,0.9,0.8,1.3,2.0,10.0
CHI,/players/c/carusal01.html,6,Alex Caruso,29,47,34,27.1,3.4,7.1,.482,1.7,4.3,.401,1.7,2.8,.606,.603,1.2,1.6,.781,1.0,2.8,3.8,2.8,1.4,1.2,1.4,2.5,9.8
CHI,/players/d/dosunay01.html,7,Ayo Dosunmu,24,53,14,25.5,3.9,7.8,.505,1.4,3.3,.417,2.6,4.5,.569,.593,0.9,1.1,.767,0.6,1.9,2.5,2.3,0.8,0.5,1.1,2.1,10.1
CHI,/players/c/craigto01.html,8,Torrey Craig,33,33,8,21.0,2.2,5.1,.425,1.1,3.0,.374,1.0,2.1,.500,.536,0.6,0.8,.778,1.7,3.1,4.7,1.1,0.6,0.5,0.6,2.3,6.1
CHO,/players/b/bridgmi02.html,1,Miles Bridges,25,43,41,37.0,8.2,17.7,.464,2.4,6.6,.371,5.7,11.1,.519,.533,2.7,3.2,.860,0.9,6.3,7.1,3.4,1.1,0.6,2.0,1.9,21.5
CHO,/players/r/roziete01.html,2,Terry Rozier,29,30,30,35.5,8.4,18.3,.459,2.8,7.7,.358,5.6,10.6,.533,.535,3.6,4.3,.845,0.6,3.3,3.9,6.6,1.1,0.4,2.2,1.7,23.2
CHO,/players/b/ballla01.html,3,LaMelo Ball,22,22,22,32.3,8.3,19.2,.433,3.2,9.0,.355,5.1,10.3,.500,.515,4.1,4.7,.865,1.3,3.8,5.1,8.0,1.8,0.2,3.8,3.6,23.9
CHO,/players/h/haywago01.html,4,Gordon Hayward,33,25,25,31.9,5.6,11.9,.468,0.9,2.4,.361,4.7,9.4,.496,.505,2.5,3.2,.765,1.0,3.7,4.7,4.6,1.1,0.5,2.0,1.8,14.5
CHO,/players/m/millebr02.html,5,Brandon Miller,21,48,42,31.4,6.2,13.9,.444,2.3,6.0,.386,3.9,7.9,.488,.528,1.9,2.3,.836,0.9,3.2,4.1,2.3,0.8,0.6,1.7,2.6,16.6
CHO,/players/w/willigr01.html,6,Grant Williams,25,3,0,30.3,6.0,11.7,.514,2.0,5.7,.353,4.0,6.0,.667,.600,3.0,3.3,.900,1.3,6.0,7.3,2.0,0.7,0.3,1.7,1.7,17.0
CHO,/players/m/manntr01.html,7,Tre Mann,22,3,3,30.3,5.3,11.7,.457,2.0,4.3,.462,3.3,7.3,.455,.543,1.0,1.0,1.000,1.0,6.0,7.0,7.3,1.3,0.0,2.3,1.0,13.7
CHO,/players/w/washipj01.html,8,P.J. Washington,25,44,17,29.2,5.2,11.6,.446,1.8,5.5,.324,3.4,6.0,.558,.524,1.5,2.1,.713,1.2,4.1,5.3,2.2,0.9,0.7,1.5,2.5,13.6
CLE,/players/m/mitchdo01.html,1,Donovan Mitchell,27,44,44,35.5,9.9,20.9,.473,3.3,9.1,.361,6.6,11.7,.560,.552,5.4,6.2,.864,1.0,4.5,5.4,6.3,1.9,0.5,2.8,2.1,28.4
CLE,/players/s/strusma01.html,2,Max Strus,27,53,53,32.3,4.4,10.8,.410,2.4,7.1,.336,2.0,3.6,.554,.521,0.9,1.2,.781,0.8,4.1,4.9,3.7,0.9,0.5,1.5,2.6,12.2
CLE,/players/g/garlada01.html,3,Darius Garland,24,29,29,31.8,6.7,14.2,.471,1.7,5.0,.331,5.0,9.2,.547,.529,3.2,3.7,.860,0.5,1.8,2.3,5.9,1.4,0.1,3.2,1.3,18.2
CLE,/players/m/mobleev01.html,4,Evan Mobley,22,30,30,31.2,6.6,11.3,.587,0.3,0.8,.417,6.3,10.5,.600,.602,2.2,2.9,.759,2.4,7.8,10.2,2.8,0.8,1.5,2.0,2.8,15.8
CLE,/players/a/allenja01.html,5,Jarrett Allen,25,48,48,30.7,6.4,9.9,.646,0.0,0.1,.000,6.4,9.8,.653,.646,2.7,3.7,.744,3.5,7.1,10.6,2.8,0.8,1.2,1.8,2.2,15.6
CLE,/players/l/leverca01.html,6,Caris LeVert,29,43,1,27.4,5.3,12.4,.424,1.7,5.1,.336,3.6,7.3,.486,.493,2.1,2.9,.748,0.5,3.0,3.6,4.4,1.0,0.4,1.5,1.7,14.4
CLE,/players/o/okorois01.html,7,Isaac Okoro,23,44,24,26.2,3.2,6.5,.493,1.0,2.7,.393,2.2,3.9,.561,.573,1.5,2.2,.684,1.2,1.9,3.1,1.9,0.8,0.5,0.8,2.0,9.0
CLE,/players/n/niangge01.html,8,Georges Niang,30,53,1,21.7,3.3,7.7,.432,1.7,4.8,.352,1.6,2.9,.565,.542,0.6,0.8,.825,0.3,3.3,3.6,1.2,0.2,0.2,0.8,2.4,8.9
DAL,/players/d/doncilu01.html,1,Luka Dončić,24,47,47,37.4,11.5,23.4,.492,3.9,10.3,.375,7.7,13.2,.583,.574,7.3,9.3,.777,0.7,8.1,8.8,9.5,1.4,0.6,4.0,2.0,34.2
DAL,/players/i/irvinky01.html,2,Kyrie Irving,31,33,33,33.9,9.6,19.6,.491,2.9,7.0,.414,6.7,12.6,.534,.565,3.3,3.7,.878,0.8,4.4,5.2,5.5,1.3,0.5,1.6,1.9,25.5
DAL,/players/h/hardati02.html,3,Tim Hardaway Jr.,31,52,10,29.8,5.9,14.3,.414,3.2,8.6,.365,2.8,5.6,.490,.525,2.3,2.7,.877,0.3,3.3,3.6,1.7,0.5,0.1,1.0,1.6,17.3
DAL,/players/w/washipj01.html,4,P.J. Washington,25,3,2,29.3,3.7,9.0,.407,0.7,4.0,.167,3.0,5.0,.600,.444,0.7,2.0,.333,0.7,4.7,5.3,2.0,0.3,0.3,1.7,2.3,8.7
DAL,/players/g/greenjo02.html,5,Josh Green,23,42,25,27.3,3.4,6.9,.491,1.5,3.5,.412,2.0,3.4,.573,.596,0.8,1.2,.660,0.6,2.7,3.3,2.5,0.8,0.2,1.1,2.0,9.0
DAL,/players/w/willigr01.html,6,Grant Williams,25,47,33,26.4,2.8,6.7,.413,1.7,4.5,.376,1.1,2.3,.486,.538,0.9,1.2,.745,1.0,2.6,3.6,1.7,0.5,0.6,1.1,2.9,8.1
DAL,/players/l/livelde01.html,7,Dereck Lively II,19,37,35,25.7,4.1,5.6,.736,0.0,0.1,.000,4.1,5.6,.743,.736,0.9,1.6,.559,2.8,5.0,7.8,1.3,0.6,1.5,1.1,3.0,9.2
DAL,/players/j/jonesde02.html,8,Derrick Jones Jr.,26,50,47,25.3,3.5,7.2,.486,1.2,3.6,.341,2.3,3.6,.630,.571,1.3,1.8,.744,1.1,2.5,3.7,1.0,0.8,0.7,0.9,1.8,9.6
DEN,/players/j/jokicni01.html,1,Nikola Jokić,28,53,53,33.8,10.2,17.7,.577,1.1,3.0,.352,9.2,14.7,.623,.607,4.6,5.7,.813,3.0,9.1,12.0,8.9,1.2,0.9,2.9,2.5,26.1
DEN,/players/c/caldwke01.html,2,Kentavious Caldwell-Pope,30,50,50,31.9,3.5,7.9,.443,1.4,3.8,.379,2.0,4.1,.502,.534,1.6,1.8,.921,0.4,1.9,2.3,2.3,1.3,0.5,1.0,1.9,10.0
DEN,/players/g/gordoaa01.html,3,Aaron Gordon,28,49,49,31.7,5.4,10.0,.545,0.6,1.9,.315,4.8,8.1,.598,.575,2.4,3.7,.641,2.5,4.2,6.7,3.1,0.8,0.7,1.4,1.8,13.8
DEN,/players/p/portemi01.html,4,Michael Porter Jr.,25,54,54,31.6,6.1,13.0,.470,2.7,6.9,.394,3.4,6.2,.556,.574,1.0,1.2,.791,1.3,5.6,6.9,1.4,0.4,0.7,1.1,1.9,15.9
DEN,/players/m/murraja01.html,5,Jamal Murray,26,40,40,31.5,7.7,16.5,.468,2.4,5.9,.411,5.3,10.6,.500,.542,2.7,3.2,.849,0.7,3.3,3.9,6.5,0.8,0.7,2.0,1.9,20.5
DEN,/players/j/jacksre01.html,6,Reggie Jackson,33,55,15,23.1,4.3,9.5,.457,1.3,3.4,.372,3.1,6.1,.505,.524,0.9,1.2,.776,0.4,1.7,2.1,4.0,0.6,0.2,1.3,1.8,10.9
DEN,/players/b/braunch01.html,7,Christian Braun,22,55,0,19.0,2.5,5.7,.438,0.7,1.8,.360,1.9,3.9,.474,.495,1.3,1.8,.732,0.8,2.7,3.5,1.4,0.4,0.4,0.7,1.5,7.0
DEN,/players/w/watsope01.html,8,Peyton Watson,21,53,4,18.3,2.6,5.5,.473,0.7,2.1,.336,1.9,3.5,.554,.536,0.9,1.3,.700,0.6,2.3,2.9,1.0,0.6,0.9,0.7,1.8,6.9
DET,/players/c/cunnica01.html,1,Cade Cunningham,22,44,44,34.0,8.2,18.4,.446,1.7,5.1,.335,6.5,13.3,.489,.493,3.8,4.5,.857,0.4,3.7,4.1,7.5,0.9,0.4,3.6,2.7,21.9
DET,/players/b/bogdabo02.html,2,Bojan Bogdanović,34,28,27,32.9,7.1,15.2,.468,3.1,7.4,.415,4.0,7.8,.518,.569,2.9,3.7,.779,0.5,2.9,3.4,2.5,0.8,0.1,2.3,2.0,20.2
DET,/players/s/stewais01.html,3,Isaiah Stewart,22,35,34,30.6,4.1,8.6,.470,1.4,3.7,.374,2.7,4.9,.544,.551,1.5,2.0,.746,1.8,5.0,6.8,1.7,0.4,0.8,1.5,2.5,11.0
DET,/players/d/durenja01.html,4,Jalen Duren,20,39,38,30.1,6.1,9.7,.631,0.0,0.1,.000,6.1,9.6,.636,.631,1.8,2.4,.742,3.4,8.6,12.0,2.5,0.4,0.8,1.9,3.3,14.0
DET,/players/i/iveyja01.html,5,Jaden Ivey,21,50,34,27.7,5.4,11.9,.454,1.6,4.3,.361,3.8,7.6,.507,.519,2.9,4.0,.729,1.3,2.4,3.7,3.6,0.7,0.6,2.5,2.9,15.3
DET,/players/f/fontesi01.html,6,Simone Fontecchio,28,3,2,26.0,6.0,13.3,.450,2.3,6.7,.350,3.7,6.7,.550,.538,1.0,1.7,.600,1.0,3.7,4.7,2.0,1.0,0.0,0.3,1.7,15.3
DET,/players/f/fournev01.html,7,Evan Fournier,31,2,0,25.0,4.0,10.5,.381,2.0,6.0,.333,2.0,4.5,.444,.476,1.5,2.0,.750,1.0,3.0,4.0,1.0,1.5,0.5,2.5,2.5,11.5
DET,/players/h/hayeski01.html,8,Killian Hayes,22,42,31,24.0,2.8,6.7,.413,0.5,1.8,.297,2.3,5.0,.455,.452,0.8,1.2,.660,0.3,2.6,2.8,4.9,0.9,0.5,1.2,1.8,6.9
GSW,/players/c/curryst01.html,1,Stephen Curry,35,50,50,33.5,9.1,19.8,.462,5.0,12.0,.421,4.1,7.8,.526,.589,4.7,5.1,.922,0.5,3.9,4.4,5.0,0.8,0.4,3.0,1.8,28.0
GSW,/players/t/thompkl01.html,2,Klay Thompson,33,50,49,30.6,6.1,14.6,.421,3.3,8.7,.373,2.9,5.9,.491,.532,1.8,1.9,.918,0.5,3.0,3.5,2.2,0.6,0.5,1.5,1.8,17.3
GSW,/players/p/paulch01.html,3,Chris Paul,38,32,11,27.6,3.3,7.7,.424,1.3,3.7,.361,1.9,3.9,.484,.512,1.1,1.3,.833,0.3,3.5,3.8,7.2,1.1,0.1,1.2,1.8,8.9
GSW,/players/w/wiggian01.html,4,Andrew Wiggins,28,48,37,27.1,4.8,10.7,.449,1.1,3.2,.342,3.7,7.5,.494,.500,1.8,2.5,.713,1.6,2.8,4.4,1.6,0.6,0.5,1.3,2.3,12.5
GSW,/players/g/greendr01.html,5,Draymond Green,33,29,26,26.9,3.7,7.2,.510,1.1,2.6,.421,2.6,4.6,.560,.586,1.2,1.6,.761,1.3,5.4,6.7,6.1,0.8,0.9,2.4,3.2,9.7
GSW,/players/p/podzibr01.html,6,Brandin Podziemski,20,47,14,26.4,3.9,8.5,.464,1.3,3.3,.385,2.7,5.2,.514,.539,0.8,1.3,.610,1.5,4.3,5.8,3.9,0.9,0.2,1.3,1.9,9.9
GSW,/players/k/kuminjo01.html,7,Jonathan Kuminga,21,52,26,25.6,5.9,11.0,.534,0.8,2.4,.317,5.1,8.7,.593,.568,3.0,4.1,.726,1.3,3.4,4.7,1.9,0.7,0.4,1.6,2.2,15.5
GSW,/players/s/saricda01.html,8,Dario Šarić,29,51,9,19.1,3.3,6.9,.474,1.4,3.5,.402,1.8,3.4,.550,.577,1.5,1.7,.864,1.3,3.8,5.1,2.4,0.6,0.2,1.2,2.1,9.4
HOU,/players/v/vanvlfr01.html,1,Fred VanVleet,29,47,47,36.7,5.5,13.5,.409,2.9,7.7,.374,2.6,5.8,.456,.516,2.6,3.0,.859,0.4,3.4,3.7,8.2,1.1,1.0,1.6,2.2,16.5
HOU,/players/s/sengual01.html,2,Alperen Şengün,21,53,53,32.5,8.4,15.6,.541,0.5,1.9,.293,7.9,13.7,.574,.558,3.8,5.4,.708,2.7,6.4,9.1,5.0,1.1,0.7,2.6,3.3,21.2
HOU,/players/s/smithja05.html,3,Jabari Smith Jr.,20,49,49,31.6,4.9,10.7,.459,1.6,4.6,.359,3.3,6.1,.533,.535,1.7,2.1,.810,2.0,6.4,8.4,1.4,0.7,0.7,1.3,2.7,13.2
HOU,/players/b/brookdi01.html,4,Dillon Brooks,28,45,45,31.4,5.1,11.3,.448,2.0,5.1,.399,3.0,6.2,.488,.537,2.1,2.4,.853,0.8,2.7,3.5,1.6,0.9,0.1,1.4,3.6,14.2
HOU,/players/g/greenja05.html,5,Jalen Green,21,54,54,30.6,6.2,15.1,.411,2.0,6.5,.307,4.2,8.6,.490,.477,3.6,4.5,.802,0.4,4.4,4.8,3.4,0.7,0.3,2.2,1.3,18.0
HOU,/players/e/easonta01.html,6,Tari Eason,22,22,0,21.8,4.0,8.6,.466,0.8,2.3,.360,3.2,6.3,.504,.513,1.0,1.5,.636,2.1,4.9,7.0,1.2,1.4,0.9,0.9,2.3,9.8
HOU,/players/t/thompam01.html,7,Amen Thompson,21,35,6,19.2,3.1,6.0,.512,0.2,1.1,.158,2.9,4.9,.591,.526,1.3,2.0,.634,1.7,3.8,5.5,2.5,1.2,0.4,1.5,2.3,7.6
HOU,/players/h/holidaa01.html,8,Aaron Holiday,27,51,1,17.9,2.6,5.7,.462,1.3,3.1,.409,1.4,2.6,.527,.574,0.7,0.8,.881,0.3,1.6,1.9,1.9,0.5,0.1,0.8,1.6,7.3
IND,/players/s/siakapa01.html,1,Pascal Siakam,29,15,15,33.3,8.8,15.4,.571,1.3,3.1,.413,7.5,12.3,.611,.613,2.5,4.1,.623,2.0,4.7,6.7,4.8,0.9,0.3,1.7,2.9,21.4
IND,/players/h/halibty01.html,2,Tyrese Haliburton,23,43,42,32.0,7.8,15.8,.492,3.2,7.9,.400,4.6,7.9,.584,.592,3.1,3.6,.853,0.6,3.3,3.9,11.7,1.0,0.7,2.4,1.0,21.8
IND,/players/b/brownbr01.html,3,Bruce Brown,27,33,33,29.7,4.5,9.5,.475,1.0,3.1,.327,3.5,6.5,.545,.527,2.0,2.5,.817,0.8,3.9,4.7,3.0,1.1,0.2,1.2,2.5,12.1
IND,/players/t/turnemy01.html,4,Myles Turner,27,52,52,27.4,6.3,11.9,.524,1.4,4.1,.336,4.9,7.9,.621,.581,3.3,4.3,.783,1.6,5.3,6.9,1.3,0.6,1.8,1.4,3.2,17.2
IND,/players/n/nesmiaa01.html,5,Aaron Nesmith,24,51,26,27.1,4.6,8.9,.519,2.1,4.7,.452,2.5,4.2,.593,.638,1.3,1.8,.702,0.9,2.9,3.9,1.4,1.1,0.7,1.0,3.3,12.6
IND,/players/h/hieldbu01.html,6,Buddy Hield,31,52,28,25.7,4.4,9.9,.443,2.6,6.9,.384,1.8,3.1,.575,.575,0.5,0.6,.848,0.7,2.6,3.2,2.7,0.8,0.6,1.2,2.0,12.0
IND,/players/m/mathube01.html,7,Bennedict Mathurin,21,52,15,25.5,4.9,10.9,.450,1.2,3.4,.366,3.7,7.6,.487,.506,3.0,3.6,.825,1.0,2.8,3.8,1.9,0.5,0.2,1.7,1.8,14.1
IND,/players/n/nembhan01.html,8,Andrew Nembhard,24,42,21,22.9,3.8,7.7,.492,0.8,2.2,.344,3.0,5.5,.552,.542,0.7,0.9,.789,0.6,1.2,1.8,4.6,0.9,0.1,1.7,2.0,9.0
LAC,/players/h/hardeja01.html,1,James Harden,34,48,48,34.6,5.1,11.4,.450,2.8,6.7,.421,2.3,4.7,.491,.574,4.3,5.0,.874,0.4,4.7,5.1,8.4,1.2,0.9,2.5,2.0,17.5
LAC,/players/l/leonaka01.html,2,Kawhi Leonard,32,48,48,34.3,9.0,17.1,.527,2.3,5.1,.453,6.7,11.9,.558,.595,3.8,4.2,.891,1.2,5.0,6.2,3.7,1.7,0.9,1.6,1.5,24.1
LAC,/players/g/georgpa01.html,3,Paul George,33,50,50,33.7,7.9,17.2,.458,3.3,8.3,.393,4.6,8.9,.518,.552,3.4,3.8,.910,0.5,4.8,5.3,3.6,1.6,0.4,2.0,2.9,22.5
LAC,/players/z/zubaciv01.html,4,Ivica Zubac,26,43,43,26.5,5.0,7.7,.656,0.0,0.0,,5.0,7.7,.656,.656,1.8,2.7,.664,3.1,6.4,9.5,1.3,0.2,1.3,1.1,2.7,11.9
LAC,/players/p/powelno01.html,5,Norman Powell,30,53,0,25.2,4.7,9.6,.495,2.1,4.6,.453,2.6,4.9,.534,.605,1.8,2.2,.843,0.2,2.4,2.5,1.0,0.5,0.3,0.8,1.8,13.4
LAC,/players/m/mannte01.html,6,Terance Mann,27,47,43,24.9,2.9,6.2,.460,0.9,2.8,.301,2.0,3.4,.595,.529,0.9,1.1,.759,1.2,2.0,3.1,1.8,0.6,0.2,0.6,1.9,7.4
LAC,/players/w/westbru01.html,7,Russell Westbrook,35,53,10,23.2,4.6,9.9,.463,0.7,2.4,.281,3.9,7.5,.522,.497,1.6,2.4,.661,1.5,3.9,5.4,4.6,1.1,0.4,2.1,1.8,11.4
LAC,/players/c/covinro01.html,8,Robert Covington,33,3,3,23.0,1.0,3.0,.333,0.7,2.7,.250,0.3,0.3,1.000,.444,0.3,0.7,.500,0.7,2.0,2.7,2.3,2.0,0.7,0.0,2.3,3.0
LAL,/players/d/davisan02.html,1,Anthony Davis,30,52,52,35.7,9.5,17.2,.553,0.4,1.3,.284,9.1,15.9,.575,.563,5.6,6.9,.810,3.0,9.1,12.2,3.8,1.1,2.5,2.1,2.4,24.9
LAL,/players/j/jamesle01.html,2,LeBron James,39,49,49,34.9,9.3,17.9,.520,2.1,5.4,.395,7.2,12.5,.573,.579,4.1,5.5,.741,0.9,6.3,7.2,7.8,1.3,0.6,3.2,1.2,24.8
LAL,/players/r/russeda01.html,3,D'Angelo Russell,27,51,44,31.2,6.4,13.7,.465,2.7,6.4,.417,3.7,7.4,.507,.562,2.0,2.5,.810,0.4,2.4,2.8,6.3,0.8,0.5,1.9,2.1,17.5
LAL,/players/r/reaveau01.html,4,Austin Reaves,25,56,31,31.1,5.5,11.2,.490,1.7,4.8,.365,3.7,6.4,.582,.567,3.2,3.7,.863,0.7,3.3,3.9,5.4,0.9,0.2,2.1,1.9,15.8
LAL,/players/p/princta02.html,5,Taurean Prince,29,53,48,30.1,3.5,7.9,.439,2.0,5.1,.390,1.5,2.8,.527,.565,0.7,1.0,.731,0.2,2.7,3.0,1.7,0.9,0.5,0.9,2.2,9.6
LAL,/players/d/dinwisp01.html,6,Spencer Dinwiddie,30,2,0,29.5,3.0,6.0,.500,1.5,4.5,.333,1.5,1.5,1.000,.625,0.5,0.5,1.000,0.0,1.0,1.0,5.5,2.0,0.0,2.5,2.0,8.0
LAL,/players/v/vincega01.html,7,Gabe Vincent,27,5,0,25.4,2.4,6.4,.375,0.4,3.4,.118,2.0,3.0,.667,.406,0.2,0.4,.500,0.4,0.6,1.0,3.0,1.2,0.0,0.4,2.4,5.4
LAL,/players/h/hachiru01.html,8,Rui Hachimura,25,42,13,24.2,4.6,8.9,.515,1.2,3.1,.400,3.3,5.8,.576,.584,1.6,2.2,.728,0.8,2.9,3.7,1.1,0.7,0.3,0.7,1.4,12.0
MEM,/players/m/moranja01.html,1,Ja Morant,24,9,9,35.3,8.9,18.9,.471,1.6,5.7,.275,7.3,13.2,.555,.512,5.8,7.1,.813,0.7,4.9,5.6,8.1,0.8,0.6,3.0,2.1,25.1
MEM,/players/b/banede01.html,2,Desmond Bane,25,37,37,34.5,8.9,18.8,.474,3.3,8.6,.384,5.6,10.2,.551,.563,3.3,3.8,.864,0.9,3.6,4.6,5.3,1.0,0.5,2.7,2.9,24.4
MEM,/players/j/jacksja02.html,3,Jaren Jackson Jr.,24,51,51,31.8,7.7,17.2,.449,1.8,5.7,.325,5.9,11.5,.510,.503,5.0,6.1,.823,1.2,4.3,5.4,2.1,1.0,1.5,2.4,3.6,22.3
MEM,/players/s/smartma01.html,4,Marcus Smart,29,20,20,30.3,5.1,11.9,.430,2.1,6.7,.313,3.0,5.2,.583,.519,2.2,2.8,.768,0.3,2.4,2.7,4.3,2.1,0.3,3.1,2.7,14.5
MEM,/players/w/willivi01.html,5,Vince Williams Jr.,23,44,25,26.6,3.1,6.9,.444,1.5,4.1,.365,1.6,2.8,.561,.553,2.0,2.5,.815,1.2,4.4,5.6,2.9,0.9,0.6,1.4,2.5,9.6
MEM,/players/g/goodwjo01.html,6,Jordan Goodwin,25,2,1,26.5,4.5,10.0,.450,1.0,2.5,.400,3.5,7.5,.467,.500,0.5,2.0,.250,1.5,3.5,5.0,3.0,1.5,0.5,1.0,1.0,10.5
MEM,/players/s/stevela01.html,7,Lamar Stevens,26,3,0,25.0,5.0,9.3,.536,0.7,1.0,.667,4.3,8.3,.520,.571,1.7,3.0,.556,0.7,6.0,6.7,0.7,0.3,1.3,1.7,1.7,12.3
MEM,/players/a/aldamsa01.html,8,Santi Aldama,23,44,18,24.8,3.9,9.2,.429,1.7,4.9,.344,2.3,4.3,.527,.521,0.8,1.4,.597,1.1,4.4,5.5,2.2,0.7,0.7,1.1,1.5,10.4
MIA,/players/a/adebaba01.html,1,Bam Adebayo,26,45,45,34.6,7.6,15.0,.510,0.0,0.2,.091,7.6,14.8,.517,.510,4.9,6.3,.784,2.3,8.4,10.6,4.2,1.1,1.0,2.4,2.5,20.2
MIA,/players/b/butleji01.html,2,Jimmy Butler,34,37,37,33.9,6.7,13.4,.500,1.0,2.3,.440,5.7,11.1,.512,.537,7.0,8.1,.869,2.0,3.4,5.5,4.6,1.3,0.3,1.7,1.1,21.4
MIA,/players/h/herroty01.html,3,Tyler Herro,24,35,35,33.7,7.9,18.1,.437,3.3,8.2,.396,4.7,9.9,.471,.527,1.9,2.3,.835,0.5,4.8,5.3,4.4,0.8,0.1,2.2,1.4,21.0
MIA,/players/r/roziete01.html,4,Terry Rozier,29,10,9,29.9,4.6,12.8,.359,1.1,4.7,.234,3.5,8.1,.432,.402,2.3,2.4,.958,1.0,3.5,4.5,5.6,0.8,0.2,1.1,1.9,12.6
MIA,/players/j/jaqueja01.html,5,Jaime Jaquez Jr.,22,49,16,29.5,5.0,10.1,.492,0.9,2.9,.321,4.1,7.3,.559,.537,2.0,2.4,.815,1.2,2.7,3.9,2.6,1.1,0.2,1.7,2.4,12.9
MIA,/players/l/lowryky01.html,6,Kyle Lowry,37,37,35,28.0,2.8,6.5,.426,1.7,4.4,.385,1.1,2.2,.506,.554,0.9,1.1,.833,0.7,2.8,3.5,4.0,1.1,0.4,1.4,2.5,8.2
MIA,/players/r/robindu01.html,7,Duncan Robinson,29,50,19,27.4,4.6,10.1,.459,2.8,6.8,.412,1.8,3.3,.558,.598,1.3,1.5,.890,0.2,2.2,2.4,2.8,0.6,0.2,1.3,2.3,13.3
MIA,/players/m/martica02.html,8,Caleb Martin,28,38,17,26.6,3.9,8.6,.451,1.1,3.2,.350,2.8,5.4,.510,.515,1.2,1.6,.763,1.2,3.3,4.5,2.1,0.8,0.3,1.1,2.1,10.0
MIL,/players/a/antetgi01.html,1,Giannis Antetokounmpo,29,54,54,35.0,11.6,18.8,.616,0.4,1.7,.255,11.1,17.1,.652,.627,7.1,10.9,.653,2.5,8.7,11.2,6.4,1.4,1.1,3.5,3.0,30.8
MIL,/players/l/lillada01.html,2,Damian Lillard,33,51,51,34.9,7.4,17.4,.423,2.9,8.5,.341,4.5,8.9,.501,.506,7.0,7.6,.925,0.6,3.6,4.1,6.7,1.0,0.2,2.5,1.7,24.6
MIL,/players/l/lopezbr01.html,3,Brook Lopez,35,53,53,31.5,4.9,10.2,.483,1.8,5.2,.342,3.1,5.0,.631,.571,1.4,1.7,.835,1.5,4.0,5.6,1.6,0.6,2.7,0.9,2.6,13.0
MIL,/players/b/beaslma01.html,4,Malik Beasley,27,54,54,29.5,4.1,8.8,.468,2.9,6.5,.444,1.2,2.3,.537,.633,0.3,0.5,.640,0.7,3.3,3.9,1.4,0.8,0.1,0.7,2.1,11.4
MIL,/players/m/middlkh01.html,5,Khris Middleton,32,43,43,26.3,5.6,11.6,.487,1.7,4.5,.378,3.9,7.1,.556,.560,1.8,2.2,.832,0.6,3.7,4.3,5.0,0.9,0.3,2.1,2.4,14.8
MIL,/players/c/crowdja01.html,6,Jae Crowder,33,25,9,24.7,2.5,5.6,.440,1.4,3.7,.370,1.1,2.0,.571,.560,0.6,1.0,.667,0.4,2.8,3.3,1.6,0.8,0.2,0.5,1.6,7.0
MIL,/players/p/portibo01.html,7,Bobby Portis,28,56,1,24.0,5.1,10.3,.494,1.2,3.0,.385,3.9,7.3,.539,.550,1.3,1.6,.791,1.6,5.3,6.9,1.1,0.7,0.4,1.0,2.4,12.7
MIL,/players/c/connapa01.html,8,Pat Connaughton,31,50,2,21.3,1.9,4.1,.456,1.1,2.9,.385,0.8,1.2,.623,.591,0.4,0.6,.690,0.6,2.7,3.3,2.0,0.5,0.2,0.6,1.3,5.2
MIN,/players/e/edwaran01.html,1,Anthony Edwards,22,52,52,35.0,9.1,19.3,.471,2.6,6.7,.386,6.5,12.7,.515,.537,5.5,6.5,.841,0.6,4.7,5.2,5.3,1.2,0.5,3.3,2.0,26.3
MIN,/players/g/goberru01.html,2,Rudy Gobert,31,54,54,33.4,5.2,8.0,.647,0.0,0.0,.000,5.2,8.0,.650,.647,3.4,5.2,.645,3.6,9.0,12.5,1.2,0.6,2.1,1.5,3.0,13.7
MIN,/players/t/townska01.html,3,Karl-Anthony Towns,28,54,54,32.7,8.0,15.4,.517,2.2,5.1,.437,5.7,10.3,.558,.590,4.3,4.9,.878,1.4,6.9,8.4,2.9,0.7,0.6,2.8,3.3,22.5
MIN,/players/c/conlemi01.html,4,Mike Conley,36,50,50,28.9,3.5,8.0,.444,2.3,5.2,.442,1.2,2.8,.446,.588,1.2,1.3,.923,0.4,2.5,2.9,6.4,1.0,0.2,1.1,1.7,10.6
MIN,/players/m/mcdanja02.html,5,Jaden McDaniels,23,45,44,28.7,4.4,8.7,.505,1.2,3.4,.357,3.2,5.2,.602,.576,0.7,0.9,.795,0.8,1.9,2.7,1.3,0.9,0.5,1.3,3.0,10.7
MIN,/players/a/alexani01.html,6,Nickeil Alexander-Walker,25,55,16,23.1,2.5,5.9,.429,1.5,3.9,.376,1.1,2.0,.532,.552,0.5,0.7,.763,0.4,1.5,1.9,2.5,0.9,0.5,1.0,1.9,7.0
MIN,/players/r/reidna01.html,7,Naz Reid,24,55,0,22.5,4.6,9.5,.489,1.9,4.6,.418,2.7,4.9,.556,.590,1.1,1.4,.753,0.9,3.7,4.6,1.0,0.7,0.7,1.2,2.0,12.2
MIN,/players/a/anderky01.html,8,Kyle Anderson,30,55,2,21.8,2.3,5.1,.464,0.1,0.6,.219,2.2,4.5,.496,.477,1.3,1.8,.700,0.8,2.7,3.5,4.1,0.8,0.5,1.2,1.5,6.1
NOP,/players/i/ingrabr01.html,1,Brandon Ingram,26,51,51,33.4,8.0,16.4,.490,1.4,3.9,.362,6.6,12.5,.531,.533,3.9,5.0,.794,0.7,4.3,5.0,5.8,0.8,0.6,2.5,2.3,21.4
NOP,/players/m/mccolcj01.html,2,CJ McCollum,32,41,41,32.1,6.9,14.9,.461,3.4,8.0,.421,3.5,6.8,.509,.576,1.9,2.4,.798,0.6,3.7,4.3,4.6,1.1,0.8,1.6,2.1,19.0
NOP,/players/w/willizi01.html,3,Zion Williamson,23,44,44,30.5,8.8,15.0,.585,0.1,0.3,.364,8.7,14.8,.589,.589,4.7,6.9,.684,1.8,3.8,5.5,4.8,0.9,0.5,2.5,2.3,22.4
NOP,/players/j/joneshe01.html,4,Herbert Jones,25,50,50,28.7,3.9,7.9,.497,1.4,3.5,.407,2.5,4.3,.571,.589,1.7,2.0,.860,1.2,2.5,3.7,2.4,1.2,0.8,1.2,2.8,11.0
NOP,/players/m/murphtr02.html,5,Trey Murphy III,23,30,6,25.8,4.3,9.8,.435,2.5,6.9,.361,1.8,2.9,.616,.563,1.7,2.1,.806,0.5,3.2,3.7,1.6,0.7,0.5,0.5,1.2,12.7
NOP,/players/v/valanjo01.html,6,Jonas Valančiūnas,31,55,55,25.5,5.4,9.5,.573,0.5,1.6,.341,4.9,7.9,.620,.602,2.3,2.9,.796,2.6,6.8,9.4,2.3,0.4,1.0,1.4,2.9,13.7
NOP,/players/d/daniedy01.html,7,Dyson Daniels,20,52,15,21.9,2.2,4.9,.438,0.6,2.1,.291,1.5,2.8,.548,.500,0.6,1.0,.640,1.0,2.7,3.7,2.6,1.4,0.4,1.0,1.6,5.5
NOP,/players/r/ryanma01.html,8,Matt Ryan,26,14,1,21.6,2.7,6.1,.447,2.3,4.9,.471,0.4,1.2,.353,.635,0.9,1.0,.929,0.4,1.9,2.2,1.0,0.4,0.1,1.1,1.7,8.6
NYK,/players/b/brunsja01.html,1,Jalen Brunson,27,52,52,35.9,9.8,20.4,.483,2.7,6.5,.411,7.2,13.9,.516,.548,5.3,6.3,.835,0.6,3.3,3.8,6.5,0.9,0.2,2.4,2.0,27.6
NYK,/players/a/anunoog01.html,2,OG Anunoby,26,14,14,35.7,5.8,11.2,.516,1.8,4.6,.391,4.0,6.6,.602,.596,2.3,2.7,.842,1.1,3.6,4.6,1.5,1.8,1.1,1.4,2.4,15.6
NYK,/players/r/randlju01.html,3,Julius Randle,29,46,46,35.4,8.6,18.2,.472,1.7,5.3,.311,6.9,12.9,.539,.518,5.1,6.6,.781,2.2,7.0,9.2,5.0,0.5,0.3,3.5,2.7,24.0
NYK,/players/h/hartjo01.html,4,Josh Hart,28,54,15,29.9,3.0,7.1,.423,0.9,3.0,.306,2.1,4.2,.507,.487,0.9,1.0,.839,1.3,5.8,7.1,3.2,0.8,0.3,1.3,1.9,7.8
NYK,/players/b/barrerj01.html,5,RJ Barrett,23,26,26,29.5,6.3,14.9,.423,1.7,5.0,.331,4.7,9.9,.469,.478,4.0,4.8,.831,0.7,3.5,4.3,2.4,0.5,0.3,1.8,1.7,18.2
NYK,/players/r/robinmi01.html,6,Mitchell Robinson,25,21,21,29.2,2.8,4.7,.592,0.0,0.0,,2.8,4.7,.592,.592,0.7,1.8,.368,5.3,5.0,10.3,0.7,1.5,1.3,1.0,1.9,6.2
NYK,/players/b/bogdabo02.html,7,Bojan Bogdanović,34,2,0,28.0,5.0,11.5,.435,1.5,5.5,.273,3.5,6.0,.583,.500,1.5,2.5,.600,0.0,3.5,3.5,0.5,0.5,0.5,0.5,2.0,13.0
NYK,/players/h/harteis01.html,8,Isaiah Hartenstein,25,50,24,25.6,2.9,4.6,.619,0.0,0.1,.333,2.8,4.6,.623,.621,1.4,2.0,.707,3.4,5.3,8.7,2.0,1.2,1.1,1.2,2.9,7.1
OKC,/players/g/gilgesh01.html,1,Shai Gilgeous-Alexander,25,53,53,34.5,10.9,20.1,.546,1.2,3.3,.371,9.7,16.8,.580,.576,8.0,9.1,.883,0.9,4.6,5.5,6.5,2.2,0.9,2.2,2.5,31.1
OKC,/players/w/willija06.html,2,Jalen Williams,22,48,48,32.0,7.5,13.8,.544,1.5,3.3,.453,6.0,10.5,.573,.598,2.7,3.3,.811,0.5,3.5,4.1,4.6,1.0,0.5,1.8,2.6,19.2
OKC,/players/h/holmgch01.html,3,Chet Holmgren,21,54,54,30.1,6.3,11.8,.535,1.7,4.2,.393,4.6,7.5,.616,.606,2.5,3.2,.773,1.6,6.0,7.6,2.7,0.7,2.6,1.6,2.5,16.7
OKC,/players/d/dortlu01.html,4,Luguentz Dort,24,52,52,28.5,3.6,8.2,.439,1.9,4.8,.390,1.7,3.3,.509,.554,1.6,2.0,.814,1.1,2.7,3.8,1.4,0.9,0.7,0.9,3.0,10.6
OKC,/players/g/giddejo01.html,5,Josh Giddey,21,53,53,24.9,4.6,10.4,.447,1.0,3.0,.325,3.7,7.4,.496,.494,1.2,1.5,.831,1.4,4.8,6.1,4.5,0.6,0.5,2.0,1.2,11.5
OKC,/players/w/wallaca01.html,6,Cason Wallace,20,54,9,20.7,2.6,5.2,.504,1.2,2.8,.412,1.4,2.4,.614,.616,0.4,0.5,.846,0.6,1.6,2.2,1.3,0.7,0.4,0.5,1.7,6.8
OKC,/players/j/joeis01.html,7,Isaiah Joe,24,50,0,18.6,2.9,6.3,.465,2.0,4.6,.427,0.9,1.6,.573,.623,0.7,0.8,.846,0.4,1.9,2.3,1.1,0.6,0.3,0.6,1.2,8.5
OKC,/players/w/willike04.html,8,Kenrich Williams,29,43,1,14.9,1.7,3.8,.457,0.8,2.0,.395,1.0,1.8,.526,.561,0.1,0.2,.300,0.8,2.0,2.8,1.3,0.6,0.1,0.4,1.4,4.3
ORL,/players/b/banchpa01.html,1,Paolo Banchero,21,55,55,35.0,8.2,17.8,.462,1.5,4.2,.365,6.7,13.5,.492,.505,5.1,7.2,.702,1.1,5.7,6.9,5.3,1.1,0.5,3.0,2.0,23.0
ORL,/players/w/wagnefr01.html,2,Franz Wagner,22,47,47,33.3,7.8,16.3,.477,1.6,5.1,.318,6.1,11.2,.549,.527,3.9,4.5,.858,1.1,4.5,5.6,4.1,1.1,0.4,2.0,2.3,21.1
ORL,/players/s/suggsja01.html,3,Jalen Suggs,22,50,50,26.9,4.4,9.8,.445,2.1,5.4,.384,2.3,4.5,.518,.550,1.5,2.0,.760,0.7,2.6,3.3,2.4,1.4,0.6,1.9,2.8,12.3
ORL,/players/c/cartewe01.html,4,Wendell Carter Jr.,24,29,23,26.2,4.2,7.8,.535,1.1,2.8,.402,3.0,5.0,.611,.608,1.9,2.7,.727,1.8,4.7,6.5,1.6,0.4,0.5,1.2,2.4,11.4
ORL,/players/f/fultzma01.html,5,Markelle Fultz,25,21,15,24.0,4.0,8.0,.491,0.0,0.3,.143,3.9,7.7,.506,.494,0.4,0.8,.563,1.4,2.1,3.5,3.7,1.3,0.3,1.1,1.7,8.4
ORL,/players/a/anthoco01.html,6,Cole Anthony,23,54,0,23.0,4.1,9.4,.432,1.1,3.2,.326,3.0,6.1,.488,.488,2.7,3.2,.839,0.9,3.1,4.0,3.0,0.8,0.4,1.8,2.4,11.9
ORL,/players/h/harriga01.html,7,Gary Harris,29,33,6,22.5,2.4,5.5,.432,1.2,3.8,.331,1.2,1.8,.644,.544,0.8,1.0,.781,0.5,1.1,1.6,1.8,0.8,0.3,0.5,1.7,6.8
ORL,/players/w/wagnemo01.html,8,Moritz Wagner,26,53,1,18.4,4.2,7.2,.588,0.5,1.5,.325,3.7,5.7,.658,.622,2.2,2.8,.795,1.5,2.9,4.4,1.2,0.5,0.3,1.2,2.2,11.1
PHI,/players/h/hieldbu01.html,1,Buddy Hield,31,4,4,39.0,8.5,16.3,.523,4.5,10.0,.450,4.0,6.3,.640,.662,0.8,1.0,.750,0.5,3.5,4.0,7.5,1.8,0.0,3.0,4.0,22.3
PHI,/players/m/maxeyty01.html,2,Tyrese Maxey,23,49,49,37.2,8.9,19.9,.449,3.0,8.0,.378,5.9,11.9,.497,.526,4.8,5.6,.854,0.6,3.1,3.7,6.4,1.0,0.5,1.7,2.2,25.7
PHI,/players/e/embiijo01.html,3,Joel Embiid,29,34,34,34.0,11.8,22.2,.533,1.2,3.3,.366,10.6,18.9,.562,.560,10.5,11.9,.883,2.6,8.7,11.3,5.7,1.1,1.8,3.7,2.9,35.3
PHI,/players/h/harrito02.html,4,Tobias Harris,31,48,48,34.0,6.8,13.3,.507,1.2,3.4,.346,5.6,9.9,.562,.551,3.1,3.4,.896,1.1,5.0,6.0,3.4,1.0,0.5,1.5,1.7,17.7
PHI,/players/m/meltode01.html,5,De'Anthony Melton,25,33,33,29.1,3.9,9.9,.393,2.1,5.8,.363,1.8,4.1,.437,.500,1.9,2.3,.827,0.8,3.2,4.0,3.2,1.6,0.5,1.2,2.4,11.8
PHI,/players/o/oubreke01.html,6,Kelly Oubre Jr.,28,42,31,29.0,5.2,11.4,.461,1.5,4.5,.319,3.8,6.8,.556,.525,2.1,2.9,.736,1.2,3.3,4.5,1.1,1.1,0.6,0.8,2.9,14.0
PHI,/players/p/payneca01.html,7,Cameron Payne,29,4,1,25.8,3.8,10.3,.366,1.3,5.0,.250,2.5,5.3,.476,.427,2.0,2.3,.889,1.0,1.3,2.3,4.8,0.5,0.3,0.8,1.3,10.8
PHI,/players/b/batumni01.html,8,Nicolas Batum,35,31,27,25.5,2.2,4.1,.528,1.4,2.9,.467,0.8,1.2,.676,.693,0.3,0.5,.643,1.4,2.6,4.0,2.4,0.6,0.7,0.6,2.0,6.0
PHO,/players/d/duranke01.html,1,Kevin Durant,35,48,48,37.0,10.2,19.0,.538,2.3,5.1,.443,8.0,13.9,.573,.598,5.5,6.3,.871,0.5,6.1,6.6,5.7,0.9,1.3,3.2,1.8,28.2
PHO,/players/b/bookede01.html,2,Devin Booker,27,45,45,35.5,9.6,19.2,.500,2.2,5.8,.379,7.4,13.4,.552,.557,6.1,7.0,.870,0.7,3.9,4.6,7.0,0.9,0.4,2.6,3.0,27.5
PHO,/players/a/allengr01.html,3,Grayson Allen,28,49,49,32.9,4.3,8.4,.510,2.5,5.2,.482,1.8,3.2,.553,.658,1.7,1.9,.892,0.6,3.3,3.9,3.2,0.8,0.6,1.3,2.2,12.8
PHO,/players/b/bealbr01.html,4,Bradley Beal,30,30,30,32.6,7.1,14.4,.495,1.6,4.5,.363,5.5,9.9,.556,.552,2.3,3.0,.775,0.8,3.4,4.3,4.5,0.9,0.3,2.4,2.6,18.2
PHO,/players/g/gordoer01.html,5,Eric Gordon,35,47,22,29.7,4.6,10.0,.460,2.5,6.4,.388,2.1,3.6,.585,.583,0.9,1.1,.824,0.3,1.8,2.1,2.3,0.9,0.5,1.3,1.3,12.6
PHO,/players/n/nurkiju01.html,6,Jusuf Nurkić,29,52,52,27.2,4.6,8.8,.519,0.4,1.6,.250,4.2,7.2,.579,.542,2.3,3.4,.686,2.6,7.6,10.2,3.7,1.0,1.0,2.1,3.4,11.8
PHO,/players/o/onealro01.html,7,Royce O'Neale,30,3,0,21.7,2.3,5.3,.438,2.0,4.3,.462,0.3,1.0,.333,.625,0.3,1.0,.333,0.7,4.3,5.0,3.0,2.3,0.7,0.7,2.3,7.0
PHO,/players/o/okogijo01.html,8,Josh Okogie,25,49,11,17.6,1.6,3.7,.415,0.5,1.7,.289,1.1,2.0,.520,.481,1.4,1.9,.737,1.3,1.5,2.8,1.1,0.9,0.4,0.6,1.3,5.0
POR,/players/g/grantje01.html,1,Jerami Grant,29,47,47,34.0,7.3,16.1,.456,2.1,5.2,.403,5.3,10.9,.481,.521,4.9,6.0,.813,0.7,3.0,3.7,2.7,0.7,0.7,2.0,2.3,21.7
POR,/players/s/simonan01.html,2,Anfernee Simons,24,31,31,33.5,7.9,18.3,.433,3.4,8.8,.388,4.5,9.5,.474,.527,3.7,4.1,.913,0.5,3.1,3.5,5.3,0.5,0.1,2.6,2.2,22.9
POR,/players/s/sharpsh01.html,3,Shaedon Sharpe,20,32,25,33.1,5.5,13.6,.406,1.9,5.6,.333,3.6,7.9,.457,.475,3.1,3.7,.824,1.3,3.7,5.0,2.9,0.9,0.4,2.3,2.8,15.9
POR,/players/a/aytonde01.html,4,Deandre Ayton,25,37,37,31.7,6.4,11.4,.560,0.0,0.0,,6.4,11.4,.560,.560,1.0,1.3,.809,3.0,7.4,10.4,1.7,1.1,0.8,1.7,2.3,13.8
POR,/players/b/brogdma01.html,5,Malcolm Brogdon,31,39,25,28.7,5.6,12.7,.440,2.1,5.1,.412,3.5,7.6,.458,.522,2.4,3.0,.819,0.7,3.1,3.8,5.5,0.7,0.2,1.5,1.5,15.7
POR,/players/h/hendesc01.html,6,Scoot Henderson,19,43,16,27.0,4.4,11.8,.375,1.2,3.9,.310,3.2,7.9,.408,.427,2.8,3.4,.818,0.9,2.1,3.0,4.7,0.6,0.2,3.0,3.0,12.9
POR,/players/c/camarto01.html,7,Toumani Camara,23,53,33,23.6,2.6,6.0,.436,0.8,2.5,.308,1.9,3.6,.524,.498,1.0,1.4,.724,1.8,3.0,4.8,1.0,1.0,0.5,1.2,2.5,7.0
POR,/players/b/bantoda01.html,8,Dalano Banton,24,3,0,23.0,3.3,8.7,.385,0.7,2.3,.286,2.7,6.3,.421,.423,3.3,5.0,.667,0.3,3.0,3.3,2.0,1.0,0.0,2.3,1.0,10.7
SAC,/players/s/sabondo01.html,1,Domantas Sabonis,27,54,54,35.7,8.1,13.1,.622,0.5,1.1,.426,7.6,11.9,.640,.640,3.4,4.9,.697,3.2,10.0,13.2,8.3,0.9,0.5,3.3,3.1,20.1
SAC,/players/f/foxde01.html,2,De'Aaron Fox,26,48,48,35.6,9.6,20.7,.464,2.9,7.8,.376,6.7,12.9,.518,.535,4.6,6.5,.706,0.9,3.2,4.1,5.5,1.9,0.4,2.6,2.6,26.8
SAC,/players/m/murrake02.html,3,Keegan Murray,23,50,50,32.5,5.6,12.3,.459,2.2,6.2,.350,3.5,6.1,.571,.548,1.3,1.7,.807,1.2,4.1,5.3,1.7,1.1,0.6,0.9,2.7,14.8
SAC,/players/b/barneha02.html,4,Harrison Barnes,31,54,54,29.9,4.2,8.7,.483,1.9,4.9,.397,2.3,3.9,.590,.593,1.9,2.3,.820,0.8,2.1,2.9,1.2,0.7,0.2,0.7,1.3,12.2
SAC,/players/m/monkma01.html,5,Malik Monk,25,53,0,25.8,5.3,11.8,.449,2.2,6.0,.375,3.0,5.8,.524,.544,2.3,2.8,.815,0.4,2.4,2.8,5.3,0.6,0.6,2.2,2.1,15.1
SAC,/players/h/huertke01.html,6,Kevin Huerter,25,52,47,25.0,4.1,9.0,.452,2.0,5.5,.368,2.0,3.4,.587,.565,0.7,0.8,.791,0.6,3.0,3.6,2.6,0.7,0.4,0.8,2.1,10.8
SAC,/players/l/lylestr01.html,7,Trey Lyles,28,39,0,20.1,2.6,5.5,.463,1.6,4.1,.405,0.9,1.5,.621,.611,0.8,1.2,.681,0.9,3.6,4.5,1.2,0.3,0.3,0.6,1.5,7.6
SAC,/players/m/mitchda01.html,8,Davion Mitchell,25,44,3,13.2,1.5,3.6,.403,0.6,1.8,.309,0.9,1.8,.500,.481,0.4,0.6,.720,0.2,0.9,1.0,1.7,0.2,0.0,0.6,1.2,3.9
SAS,/players/v/vassede01.html,1,Devin Vassell,23,50,44,31.7,6.9,14.9,.465,2.5,6.7,.369,4.5,8.2,.544,.548,2.5,3.1,.806,0.4,3.3,3.7,3.7,1.1,0.3,1.4,1.0,18.9
SAS,/players/j/johnske04.html,2,Keldon Johnson,24,51,26,29.9,5.9,13.1,.448,1.7,5.2,.330,4.2,7.9,.525,.513,2.6,3.4,.780,1.4,4.3,5.7,3.0,0.9,0.4,1.5,2.3,16.1
SAS,/players/s/sochaje01.html,3,Jeremy Sochan,20,55,54,29.4,4.5,10.1,.442,0.9,2.8,.335,3.5,7.3,.483,.488,1.5,1.9,.774,1.8,4.2,6.0,3.5,0.8,0.5,1.9,2.3,11.4
SAS,/players/w/wembavi01.html,4,Victor Wembanyama,20,49,49,28.4,7.6,16.1,.468,1.6,4.9,.320,6.0,11.2,.534,.517,3.9,4.8,.811,2.1,7.9,10.0,3.2,1.1,3.2,3.5,2.1,20.5
SAS,/players/j/jonestr01.html,5,Tre Jones,24,50,21,26.0,3.8,7.6,.495,0.6,2.3,.278,3.1,5.3,.588,.537,1.4,1.6,.877,0.7,2.5,3.2,5.8,1.0,0.1,1.4,1.2,9.6
SAS,/players/c/colliza01.html,6,Zach Collins,26,43,24,24.2,4.4,9.3,.475,0.8,3.1,.267,3.6,6.1,.582,.520,1.8,2.3,.782,1.8,3.7,5.5,3.1,0.5,0.7,2.0,3.3,11.5
SAS,/players/b/branhma01.html,7,Malaki Branham,20,50,21,20.2,3.3,7.7,.426,1.0,3.1,.310,2.3,4.6,.504,.488,0.6,0.6,.933,0.3,1.6,2.0,2.2,0.4,0.1,1.1,1.2,8.0
SAS,/players/o/osmande01.html,8,Cedi Osman,28,55,1,18.0,2.6,5.6,.474,1.2,3.2,.377,1.4,2.4,.603,.582,0.6,0.9,.680,0.4,2.2,2.5,1.7,0.5,0.2,0.7,1.5,7.1
TOR,/players/b/barnesc01.html,1,Scottie Barnes,22,55,55,35.2,7.5,15.8,.473,1.8,5.1,.353,5.7,10.7,.530,.529,3.3,4.3,.779,2.3,5.8,8.1,6.0,1.2,1.5,2.7,2.0,20.1
TOR,/players/s/siakapa01.html,2,Pascal Siakam,29,39,39,34.7,8.3,16.0,.522,1.2,3.7,.317,7.2,12.3,.584,.559,4.3,5.7,.758,1.4,4.9,6.3,4.9,0.8,0.3,2.1,2.2,22.2
TOR,/players/b/barrerj01.html,3,RJ Barrett,23,19,19,33.7,7.9,14.5,.549,1.4,3.7,.366,6.6,10.7,.613,.596,3.3,5.1,.639,1.2,5.7,6.9,3.5,0.7,0.4,2.1,2.7,20.5
TOR,/players/a/anunoog01.html,4,OG Anunoby,26,27,27,33.3,5.8,11.9,.489,2.3,6.0,.374,3.6,5.9,.608,.584,1.2,1.7,.717,0.9,3.0,3.9,2.7,1.0,0.5,1.6,2.3,15.1
TOR,/players/q/quickim01.html,5,Immanuel Quickley,24,20,20,32.1,5.5,13.7,.401,2.6,6.4,.406,2.9,7.3,.397,.496,2.6,3.2,.825,0.4,3.6,4.0,5.8,0.7,0.2,1.3,1.8,16.2
TOR,/players/s/schrode01.html,6,Dennis Schröder,30,51,33,30.6,4.8,11.0,.442,1.5,4.3,.350,3.3,6.6,.501,.511,2.5,2.9,.852,0.4,2.3,2.7,6.1,0.9,0.2,1.6,2.1,13.7
TOR,/players/p/poeltja01.html,7,Jakob Poeltl,28,44,44,26.8,4.9,7.3,.675,0.0,0.0,,4.9,7.3,.675,.675,1.2,2.2,.557,2.8,5.7,8.5,2.4,0.7,1.5,1.6,3.0,11.0
TOR,/players/t/trentga02.html,8,Gary Trent Jr.,25,50,20,26.3,4.2,10.2,.416,2.4,5.7,.418,1.9,4.5,.413,.532,0.6,0.9,.667,0.2,2.0,2.2,1.5,1.0,0.1,0.7,1.2,11.5
UTA,/players/m/markkla01.html,1,Lauri Markkanen,26,46,46,32.8,7.9,16.2,.491,3.2,8.0,.403,4.7,8.1,.579,.592,4.3,4.8,.887,2.3,6.2,8.6,1.9,0.8,0.5,1.3,1.9,23.4
UTA,/players/c/clarkjo01.html,2,Jordan Clarkson,31,46,19,30.2,6.1,14.8,.415,1.7,5.7,.299,4.4,9.1,.487,.472,3.3,3.8,.879,1.0,2.4,3.3,4.8,0.5,0.1,2.7,1.4,17.3
UTA,/players/c/collijo01.html,3,John Collins,26,52,50,27.8,5.7,10.8,.523,1.2,3.4,.335,4.5,7.4,.610,.576,1.8,2.4,.780,2.3,6.0,8.2,1.2,0.6,0.8,1.4,2.8,14.3
UTA,/players/g/georgke01.html,4,Keyonte George,20,50,19,24.9,3.7,9.5,.391,1.9,5.4,.348,1.8,4.1,.447,.489,2.3,2.9,.818,0.3,2.5,2.8,4.3,0.5,0.1,2.0,1.2,11.7
UTA,/players/s/sextoco01.html,5,Collin Sexton,25,56,33,24.6,6.1,12.5,.487,1.6,4.1,.390,4.5,8.4,.534,.551,4.1,4.7,.868,0.9,1.7,2.6,4.6,0.7,0.2,1.9,2.0,17.9
UTA,/players/k/kesslwa01.html,6,Walker Kessler,22,48,17,23.4,3.8,5.8,.652,0.1,0.4,.222,3.7,5.4,.682,.659,0.9,1.6,.560,2.6,4.9,7.5,0.9,0.5,2.8,1.0,2.2,8.5
UTA,/players/f/fontesi01.html,7,Simone Fontecchio,28,50,34,23.2,3.2,7.2,.450,1.8,4.7,.391,1.4,2.5,.560,.577,0.6,0.8,.800,1.0,2.5,3.5,1.5,0.6,0.4,1.0,1.6,8.9
UTA,/players/o/olynyke01.html,8,Kelly Olynyk,32,50,8,20.4,2.9,5.2,.562,0.7,1.7,.429,2.2,3.5,.626,.632,1.6,1.9,.842,1.3,3.8,5.1,4.4,0.7,0.2,1.6,2.6,8.1
WAS,/players/k/kuzmaky01.html,1,Kyle Kuzma,28,52,52,31.7,8.6,18.8,.456,2.3,6.8,.329,6.3,11.9,.529,.516,2.5,3.1,.801,0.9,5.4,6.3,4.2,0.4,0.7,2.6,2.2,21.8
WAS,/players/p/poolejo01.html,2,Jordan Poole,24,52,52,29.2,5.6,14.0,.400,1.9,6.4,.303,3.7,7.6,.481,.469,2.5,2.9,.859,0.4,2.1,2.4,3.7,1.1,0.3,2.2,3.2,15.6
WAS,/players/j/jonesty01.html,3,Tyus Jones,27,54,54,29.0,5.2,10.5,.500,1.6,3.8,.426,3.6,6.7,.541,.577,0.5,0.7,.778,0.3,2.5,2.8,6.8,1.1,0.3,0.9,0.8,12.6
WAS,/players/a/avdijde01.html,4,Deni Avdija,23,54,54,28.2,5.1,9.8,.521,1.1,2.8,.405,3.9,6.9,.568,.580,2.4,3.3,.740,1.0,5.5,6.6,3.8,0.8,0.4,2.0,2.5,13.8
WAS,/players/c/coulibi01.html,5,Bilal Coulibaly,19,53,5,26.9,3.0,6.7,.444,1.0,2.8,.363,2.0,4.0,.500,.518,1.4,2.0,.702,0.9,3.2,4.1,1.7,0.8,0.8,1.5,2.2,8.3
WAS,/players/g/gaffoda01.html,6,Daniel Gafford,25,45,45,26.5,4.5,6.5,.690,0.0,0.0,,4.5,6.5,.690,.690,1.9,2.6,.706,2.9,5.1,8.0,1.5,1.0,2.2,1.0,3.3,10.9
WAS,/players/b/baglema01.html,7,Marvin Bagley III,24,11,5,24.1,5.5,9.8,.556,0.2,0.5,.333,5.3,9.3,.569,.565,2.7,4.2,.652,4.0,4.3,8.3,1.4,0.5,0.7,1.6,2.6,13.8
WAS,/players/k/kispeco01.html,8,Corey Kispert,24,53,1,22.5,4.3,9.0,.481,2.0,5.6,.361,2.3,3.4,.678,.593,1.3,1.7,.780,0.3,2.2,2.5,1.6,0.4,0.2,1.0,1.6,12.0
