team,player_link,Rk,Player,Age,G,GS,MP,FG,FGA,FG%,3P,3PA,3P%,2P,2PA,2P%,eFG%,FT,FTA,FT%,ORB,DRB,TRB,AST,STL,BLK,TOV,PF,PTS,Position
ATL,/players/y/youngtr01.html,1,Trae Young,25,48,48,36.6,8.5,19.6,.432,3.4,9.0,.377,5.1,10.6,.477,.518,6.8,7.9,.855,0.4,2.3,2.8,10.8,1.5,0.2,4.4,2.0,27.1,PG
ATL,/players/m/murrade01.html,2,Dejounte Murray,27,50,50,35.1,8.3,17.7,.466,2.3,6.2,.372,5.9,11.5,.517,.532,2.9,3.4,.831,0.7,4.4,5.1,5.3,1.3,0.3,2.2,1.7,21.7,SG
ATL,/players/j/johnsja05.html,3,Jalen Johnson,22,39,36,33.9,6.2,11.9,.525,1.2,3.4,.366,5.0,8.5,.587,.577,2.0,2.6,.748,1.2,7.3,8.5,3.4,1.3,0.8,1.8,2.6,15.7,SF
ATL,/players/b/beysa01.html,4,Saddiq Bey,24,52,40,32.6,4.6,10.8,.422,1.8,5.7,.320,2.8,5.1,.536,.506,2.7,3.2,.831,2.6,4.0,6.6,1.4,0.9,0.1,0.8,1.5,13.6,SF
ATL,/players/b/bogdabo01.html,5,Bogdan Bogdanović,31,51,8,29.0,6.0,14.0,.426,3.1,8.4,.367,2.9,5.6,.514,.536,1.7,1.9,.908,0.6,2.7,3.3,2.7,1.3,0.3,1.1,2.4,16.8,SG
ATL,/players/h/huntede01.html,6,De'Andre Hunter,26,29,24,28.4,4.9,10.4,.470,1.9,4.6,.410,3.0,5.8,.518,.561,2.7,3.1,.878,0.6,3.2,3.8,1.4,0.8,0.3,1.5,2.8,14.4,SF
ATL,/players/c/capelca01.html,7,Clint Capela,29,47,47,25.7,4.8,8.4,.575,0.0,0.0,,4.8,8.4,.575,.575,1.8,2.8,.649,4.8,5.8,10.6,1.0,0.6,1.5,0.9,2.4,11.5,C
ATL,/players/o/okongon01.html,8,Onyeka Okongwu,23,52,7,25.7,4.0,6.6,.609,0.4,1.2,.344,3.6,5.4,.670,.641,1.8,2.2,.805,2.7,4.2,6.9,1.3,0.4,1.1,0.9,3.0,10.2,C
BOS,/players/t/tatumja01.html,1,Jayson Tatum,25,49,49,35.8,9.2,19.4,.473,3.1,8.4,.362,6.1,10.9,.558,.552,5.6,6.9,.819,0.9,7.6,8.4,4.6,1.0,0.6,2.6,2.0,27.0,SF
BOS,/players/h/holidjr01.html,2,Jrue Holiday,33,47,47,33.4,5.0,10.7,.469,2.0,4.7,.428,3.0,6.0,.502,.563,1.2,1.4,.833,1.4,4.6,6.0,4.6,0.8,0.7,1.9,1.6,13.3,PG
BOS,/players/b/brownja02.html,3,Jaylen Brown,27,48,48,33.3,8.6,17.3,.495,1.9,5.6,.344,6.6,11.7,.568,.551,3.0,4.1,.729,1.1,4.4,5.5,3.8,1.1,0.6,2.4,2.6,22.1,SF
BOS,/players/w/whitede01.html,4,Derrick White,29,48,48,32.1,5.4,11.7,.458,2.7,6.7,.398,2.7,5.0,.540,.572,2.1,2.4,.888,0.7,3.3,4.0,4.8,1.0,1.2,1.6,2.2,15.5,SG
BOS,/players/p/porzikr01.html,5,Kristaps Porziņģis,28,38,38,29.8,6.8,12.9,.528,1.8,5.1,.358,5.0,7.8,.639,.598,4.8,5.7,.848,1.6,5.3,6.9,1.9,0.6,1.9,1.7,2.8,20.2,C
BOS,/players/h/horfoal01.html,6,Al Horford,37,43,21,27.0,3.0,6.2,.477,1.7,4.1,.407,1.3,2.1,.618,.613,0.3,0.4,.813,1.3,5.5,6.8,2.9,0.6,1.0,0.8,1.5,7.9,C
BOS,/players/h/hausesa01.html,7,Sam Hauser,26,51,5,21.6,2.8,6.4,.440,2.2,5.5,.409,0.6,0.9,.630,.615,0.3,0.3,.882,0.6,2.8,3.4,1.0,0.4,0.3,0.5,1.3,8.1,SF
BOS,/players/p/pritcpa01.html,8,Payton Pritchard,26,52,0,20.7,2.8,6.6,.426,1.7,4.5,.371,1.2,2.1,.541,.551,0.6,0.7,.811,0.9,2.3,3.2,2.8,0.4,0.1,0.6,1.3,7.8,PG
BRK,/players/b/bridgmi01.html,1,Mikal Bridges,27,52,52,35.3,7.7,16.9,.453,2.6,6.9,.372,5.1,10.0,.509,.528,3.9,4.8,.826,0.8,4.1,4.9,3.7,0.9,0.4,2.3,1.6,21.8,"SF,SG"
BRK,/players/d/dinwisp01.html,2,Spencer Dinwiddie,30,48,48,30.7,4.1,10.4,.391,1.9,5.8,.320,2.2,4.6,.480,.480,2.6,3.3,.781,0.5,2.8,3.3,6.0,0.8,0.2,1.3,1.8,12.6,"PG,SG"
BRK,/players/t/thomaca02.html,3,Cam Thomas,22,43,28,29.7,7.7,17.4,.441,2.0,5.5,.361,5.7,11.9,.479,.499,4.0,4.8,.836,0.3,2.5,2.9,2.6,0.7,0.3,1.8,2.0,21.4,SG
BRK,/players/c/claxtni01.html,4,Nic Claxton,24,42,42,29.6,5.4,8.7,.625,0.0,0.1,.250,5.4,8.6,.629,.626,1.5,2.6,.573,3.0,7.3,10.3,1.9,0.7,2.3,1.2,2.5,12.4,C
BRK,/players/f/finnedo01.html,5,Dorian Finney-Smith,30,43,32,28.7,3.3,8.0,.410,2.1,5.4,.380,1.2,2.6,.473,.539,0.3,0.5,.636,1.7,3.1,4.8,1.5,0.7,0.6,0.8,2.3,9.0,PF
BRK,/players/j/johnsca02.html,6,Cameron Johnson,27,40,40,28.5,5.2,11.3,.458,2.5,6.2,.401,2.7,5.1,.527,.568,1.2,1.6,.742,1.1,3.6,4.7,2.6,0.8,0.3,1.0,1.9,13.9,PF
BRK,/players/s/schrode01.html,7,Dennis Schröder,30,1,0,27.0,6.0,13.0,.462,3.0,5.0,.600,3.0,8.0,.375,.577,0.0,0.0,,0.0,3.0,3.0,12.0,0.0,0.0,2.0,4.0,15.0,PG
BRK,/players/s/simmobe01.html,8,Ben Simmons,27,11,9,25.8,3.4,5.4,.627,0.0,0.0,,3.4,5.4,.627,.627,0.3,0.7,.375,2.4,6.3,8.6,6.4,0.8,0.7,2.2,2.5,7.0,PG
CHI,/players/d/derozde01.html,1,DeMar DeRozan,34,51,51,37.6,7.8,16.6,.468,1.0,2.8,.340,6.8,13.8,.494,.496,6.0,7.1,.853,0.6,3.5,4.1,5.2,1.2,0.6,1.5,2.2,22.5,SF
CHI,/players/w/whiteco01.html,2,Coby White,23,53,53,36.3,6.9,15.0,.459,2.8,7.2,.395,4.1,7.8,.518,.554,2.7,3.2,.826,0.5,4.2,4.7,5.2,0.7,0.2,2.2,2.3,19.3,SG
CHI,/players/l/lavinza01.html,3,Zach LaVine,28,25,23,34.9,6.8,15.0,.452,2.4,6.8,.349,4.4,8.3,.536,.531,3.5,4.1,.854,0.3,4.8,5.2,3.9,0.8,0.3,2.1,2.3,19.5,SG
CHI,/players/v/vucevni01.html,4,Nikola Vučević,33,48,46,34.4,7.5,15.8,.476,1.1,4.2,.275,6.4,11.6,.548,.512,1.4,1.6,.867,2.7,7.9,10.6,3.5,0.7,0.9,1.5,2.5,17.5,C
CHI,/players/w/willipa01.html,5,Patrick Williams,22,43,30,27.3,3.7,8.3,.443,1.4,3.4,.399,2.3,4.9,.474,.525,1.2,1.5,.788,1.1,2.8,3.9,1.5,0.9,0.8,1.3,2.0,10.0,PF
CHI,/players/c/carusal01.html,6,Alex Caruso,29,46,34,27.1,3.4,7.1,.482,1.7,4.3,.399,1.7,2.8,.608,.602,1.2,1.5,.775,1.0,2.8,3.8,2.8,1.3,1.2,1.4,2.5,9.8,PG
CHI,/players/d/dosunay01.html,7,Ayo Dosunmu,24,51,12,25.0,3.8,7.6,.500,1.3,3.2,.398,2.5,4.4,.573,.583,0.9,1.2,.780,0.6,1.9,2.5,2.2,0.8,0.5,1.0,2.1,9.7,SG
CHI,/players/c/craigto01.html,8,Torrey Craig,33,31,7,20.8,2.1,5.0,.417,1.1,2.9,.367,1.0,2.1,.485,.522,0.6,0.8,.800,1.7,2.9,4.7,1.0,0.6,0.4,0.6,2.3,5.9,PF
CHO,/players/b/bridgmi02.html,1,Miles Bridges,25,41,39,37.1,8.2,17.8,.464,2.5,6.6,.373,5.8,11.2,.517,.533,2.7,3.2,.855,0.9,6.2,7.1,3.3,1.0,0.6,2.0,1.9,21.7,
CHO,/players/r/roziete01.html,2,Terry Rozier,29,30,30,35.5,8.4,18.3,.459,2.8,7.7,.358,5.6,10.6,.533,.535,3.6,4.3,.845,0.6,3.3,3.9,6.6,1.1,0.4,2.2,1.7,23.2,SG
CHO,/players/b/ballla01.html,3,LaMelo Ball,22,22,22,32.3,8.3,19.2,.433,3.2,9.0,.355,5.1,10.3,.500,.515,4.1,4.7,.865,1.3,3.8,5.1,8.0,1.8,0.2,3.8,3.6,23.9,PG
CHO,/players/w/willigr01.html,4,Grant Williams,25,1,0,32.0,5.0,11.0,.455,3.0,6.0,.500,2.0,5.0,.400,.591,2.0,2.0,1.000,0.0,8.0,8.0,1.0,0.0,0.0,2.0,0.0,15.0,PF
CHO,/players/h/haywago01.html,5,Gordon Hayward,33,25,25,31.9,5.6,11.9,.468,0.9,2.4,.361,4.7,9.4,.496,.505,2.5,3.2,.765,1.0,3.7,4.7,4.6,1.1,0.5,2.0,1.8,14.5,SF
CHO,/players/m/millebr02.html,6,Brandon Miller,21,46,40,31.4,6.2,14.0,.444,2.3,6.0,.384,3.9,8.0,.489,.526,1.8,2.2,.824,0.8,3.2,4.0,2.3,0.8,0.5,1.7,2.6,16.5,
CHO,/players/w/washipj01.html,7,P.J. Washington,25,44,17,29.2,5.2,11.6,.446,1.8,5.5,.324,3.4,6.0,.558,.524,1.5,2.1,.713,1.2,4.1,5.3,2.2,0.9,0.7,1.5,2.5,13.6,PF
CHO,/players/m/manntr01.html,8,Tre Mann,22,1,1,27.0,4.0,11.0,.364,1.0,5.0,.200,3.0,6.0,.500,.409,0.0,0.0,,1.0,3.0,4.0,9.0,2.0,0.0,2.0,1.0,9.0,PG
CLE,/players/m/mitchdo01.html,1,Donovan Mitchell,27,42,42,35.3,9.9,20.9,.475,3.3,9.2,.361,6.6,11.7,.565,.555,5.0,5.8,.864,1.0,4.5,5.4,6.3,1.9,0.5,2.8,2.1,28.2,SG
CLE,/players/s/strusma01.html,2,Max Strus,27,51,51,32.4,4.5,10.9,.408,2.4,7.2,.338,2.0,3.7,.545,.520,1.0,1.3,.781,0.8,4.2,5.0,3.7,0.9,0.5,1.5,2.5,12.3,SF
CLE,/players/g/garlada01.html,3,Darius Garland,24,27,27,31.9,6.7,14.3,.469,1.6,4.9,.326,5.1,9.4,.543,.525,3.3,3.9,.857,0.5,1.9,2.4,5.8,1.4,0.1,3.4,1.4,18.3,PG
CLE,/players/m/mobleev01.html,4,Evan Mobley,22,28,28,31.4,6.7,11.4,.584,0.3,0.8,.381,6.4,10.7,.599,.597,2.3,3.0,.771,2.4,7.9,10.3,2.9,0.8,1.4,2.0,2.9,15.9,PF
CLE,/players/a/allenja01.html,5,Jarrett Allen,25,46,46,30.5,6.4,9.9,.644,0.0,0.1,.000,6.4,9.8,.650,.644,2.8,3.7,.747,3.6,7.1,10.6,2.8,0.8,1.2,1.8,2.3,15.5,C
CLE,/players/l/leverca01.html,6,Caris LeVert,29,41,1,27.6,5.4,12.5,.428,1.8,5.1,.341,3.6,7.4,.488,.498,2.2,3.0,.748,0.5,3.1,3.6,4.3,1.0,0.4,1.5,1.7,14.7,SG
CLE,/players/o/okorois01.html,7,Isaac Okoro,23,42,24,26.3,3.2,6.5,.494,1.0,2.5,.381,2.2,4.0,.566,.568,1.5,2.2,.677,1.2,2.0,3.1,1.9,0.9,0.5,0.8,2.0,8.8,SF
CLE,/players/n/niangge01.html,8,Georges Niang,30,51,1,21.8,3.4,7.7,.434,1.7,4.8,.358,1.6,2.9,.561,.546,0.6,0.7,.868,0.3,3.3,3.6,1.3,0.2,0.2,0.7,2.4,9.1,PF
DAL,/players/d/doncilu01.html,1,Luka Dončić,24,45,45,37.6,11.6,23.7,.491,4.0,10.4,.380,7.7,13.3,.577,.574,7.3,9.4,.776,0.8,8.0,8.8,9.4,1.4,0.6,3.9,2.0,34.5,PG
DAL,/players/i/irvinky01.html,2,Kyrie Irving,31,31,31,33.6,9.5,19.6,.483,2.9,7.0,.417,6.5,12.6,.519,.557,3.4,3.8,.889,0.7,4.3,5.0,5.5,1.3,0.4,1.6,1.9,25.2,"PG,SG"
DAL,/players/h/hardati02.html,3,Tim Hardaway Jr.,31,50,10,30.0,6.0,14.4,.419,3.2,8.8,.368,2.8,5.7,.498,.531,2.4,2.8,.877,0.3,3.3,3.6,1.7,0.5,0.0,0.9,1.5,17.7,SF
DAL,/players/g/greenjo02.html,4,Josh Green,23,40,23,27.5,3.4,7.0,.484,1.5,3.6,.406,1.9,3.4,.566,.588,0.8,1.2,.660,0.6,2.7,3.3,2.6,0.8,0.2,1.1,2.0,9.0,SG
DAL,/players/w/willigr01.html,5,Grant Williams,25,47,33,26.4,2.8,6.7,.413,1.7,4.5,.376,1.1,2.3,.486,.538,0.9,1.2,.745,1.0,2.6,3.6,1.7,0.5,0.6,1.1,2.9,8.1,PF
DAL,/players/l/livelde01.html,6,Dereck Lively II,19,36,35,26.0,4.2,5.6,.739,0.0,0.1,.000,4.2,5.6,.746,.739,0.9,1.6,.544,2.9,5.0,7.9,1.3,0.6,1.4,1.2,3.1,9.2,
DAL,/players/j/jonesde02.html,7,Derrick Jones Jr.,26,48,47,25.7,3.6,7.4,.489,1.3,3.7,.343,2.4,3.7,.635,.574,1.4,1.9,.744,1.1,2.6,3.7,1.1,0.8,0.8,0.9,1.9,9.9,PF
DAL,/players/w/washipj01.html,8,P.J. Washington,25,1,0,24.0,6.0,10.0,.600,1.0,4.0,.250,5.0,6.0,.833,.650,1.0,2.0,.500,1.0,4.0,5.0,1.0,1.0,0.0,2.0,3.0,14.0,PF
DEN,/players/j/jokicni01.html,1,Nikola Jokić,28,51,51,33.8,10.2,17.5,.583,1.1,2.9,.365,9.2,14.6,.627,.613,4.7,5.7,.819,3.0,9.1,12.2,9.0,1.2,0.9,3.0,2.5,26.2,C
DEN,/players/c/caldwke01.html,2,Kentavious Caldwell-Pope,30,49,49,32.4,3.6,8.0,.446,1.5,3.9,.381,2.1,4.1,.507,.538,1.7,1.8,.920,0.4,1.9,2.3,2.3,1.3,0.5,1.0,2.0,10.2,SG
DEN,/players/g/gordoaa01.html,3,Aaron Gordon,28,47,47,31.8,5.4,9.8,.545,0.6,1.8,.302,4.8,8.0,.601,.574,2.3,3.7,.624,2.5,4.0,6.5,3.1,0.8,0.7,1.3,1.9,13.6,PF
DEN,/players/m/murraja01.html,4,Jamal Murray,26,39,39,31.8,7.9,16.7,.470,2.5,6.0,.412,5.4,10.8,.502,.544,2.7,3.2,.849,0.7,3.3,4.0,6.6,0.8,0.7,2.0,1.9,20.9,PG
DEN,/players/p/portemi01.html,5,Michael Porter Jr.,25,52,52,31.5,6.2,13.0,.473,2.7,6.8,.396,3.4,6.2,.559,.578,1.0,1.2,.781,1.3,5.7,7.0,1.4,0.4,0.8,1.1,1.9,16.0,SF
DEN,/players/j/jacksre01.html,6,Reggie Jackson,33,53,14,23.0,4.3,9.5,.457,1.3,3.5,.373,3.0,6.0,.506,.526,1.0,1.3,.776,0.4,1.7,2.1,3.9,0.6,0.2,1.3,1.9,10.9,PG
DEN,/players/b/braunch01.html,7,Christian Braun,22,53,0,18.9,2.5,5.7,.447,0.7,1.8,.368,1.9,3.9,.483,.505,1.2,1.7,.742,0.8,2.6,3.5,1.4,0.4,0.4,0.7,1.5,7.0,SG
DEN,/players/w/watsope01.html,8,Peyton Watson,21,51,4,18.3,2.7,5.6,.479,0.7,2.1,.336,2.0,3.5,.565,.542,0.9,1.4,.696,0.6,2.2,2.9,1.0,0.6,0.9,0.7,1.8,7.0,SG
DET,/players/c/cunnica01.html,1,Cade Cunningham,22,42,42,34.4,8.4,18.6,.450,1.8,5.3,.339,6.6,13.4,.493,.497,3.8,4.5,.861,0.4,3.6,4.0,7.5,1.0,0.3,3.6,2.7,22.4,PG
DET,/players/b/bogdabo02.html,2,Bojan Bogdanović,34,28,27,32.9,7.1,15.2,.468,3.1,7.4,.415,4.0,7.8,.518,.569,2.9,3.7,.779,0.5,2.9,3.4,2.5,0.8,0.1,2.3,2.0,20.2,PF
DET,/players/f/fontesi01.html,3,Simone Fontecchio,28,1,0,32.0,8.0,19.0,.421,3.0,9.0,.333,5.0,10.0,.500,.500,1.0,1.0,1.000,2.0,7.0,9.0,1.0,1.0,0.0,1.0,1.0,20.0,SF
DET,/players/s/stewais01.html,4,Isaiah Stewart,22,35,34,30.6,4.1,8.6,.470,1.4,3.7,.374,2.7,4.9,.544,.551,1.5,2.0,.746,1.8,5.0,6.8,1.7,0.4,0.8,1.5,2.5,11.0,C
DET,/players/d/durenja01.html,5,Jalen Duren,20,37,36,30.4,6.3,9.8,.641,0.0,0.1,.000,6.3,9.7,.646,.641,1.8,2.4,.742,3.4,8.8,12.2,2.5,0.4,0.8,2.0,3.3,14.3,C
DET,/players/i/iveyja01.html,6,Jaden Ivey,21,48,32,27.9,5.5,11.9,.462,1.6,4.3,.374,3.9,7.6,.512,.530,2.9,4.0,.720,1.4,2.5,3.9,3.7,0.7,0.6,2.5,2.8,15.5,SG
DET,/players/h/hayeski01.html,7,Killian Hayes,22,42,31,24.0,2.8,6.7,.413,0.5,1.8,.297,2.3,5.0,.455,.452,0.8,1.2,.660,0.3,2.6,2.8,4.9,0.9,0.5,1.2,1.8,6.9,PG
DET,/players/t/thompau01.html,8,Ausar Thompson,21,52,27,23.8,3.5,7.3,.476,0.2,1.6,.146,3.3,5.7,.567,.492,1.2,1.8,.638,2.2,4.4,6.6,1.9,1.0,0.9,1.3,2.8,8.3,
GSW,/players/c/curryst01.html,1,Stephen Curry,35,47,47,33.4,9.1,19.7,.464,5.0,11.8,.421,4.1,7.9,.528,.590,4.8,5.2,.927,0.5,3.9,4.4,4.8,0.8,0.4,3.0,1.8,28.1,PG
GSW,/players/t/thompkl01.html,2,Klay Thompson,33,47,47,30.6,5.9,14.4,.413,3.2,8.7,.373,2.7,5.7,.476,.526,1.8,1.9,.912,0.5,2.9,3.4,2.3,0.6,0.6,1.6,1.9,16.9,SF
GSW,/players/p/paulch01.html,3,Chris Paul,38,32,11,27.6,3.3,7.7,.424,1.3,3.7,.361,1.9,3.9,.484,.512,1.1,1.3,.833,0.3,3.5,3.8,7.2,1.1,0.1,1.2,1.8,8.9,PG
GSW,/players/w/wiggian01.html,4,Andrew Wiggins,28,45,34,27.0,4.8,10.7,.443,1.0,3.2,.317,3.8,7.6,.496,.490,1.8,2.6,.709,1.6,2.7,4.3,1.6,0.5,0.5,1.2,2.3,12.4,SF
GSW,/players/g/greendr01.html,5,Draymond Green,33,26,23,26.8,3.4,6.8,.503,1.0,2.5,.400,2.4,4.3,.563,.576,1.3,1.6,.786,1.3,5.2,6.5,6.2,0.7,0.9,2.6,3.1,9.1,PF
GSW,/players/p/podzibr01.html,6,Brandin Podziemski,20,44,13,26.2,3.8,8.3,.456,1.1,3.2,.355,2.7,5.1,.520,.525,0.8,1.2,.642,1.5,4.3,5.8,3.7,0.9,0.2,1.2,2.0,9.5,
GSW,/players/k/kuminjo01.html,7,Jonathan Kuminga,21,49,23,25.4,5.9,11.1,.535,0.8,2.5,.314,5.2,8.6,.598,.570,3.0,4.1,.721,1.2,3.4,4.7,1.8,0.7,0.4,1.6,2.2,15.6,PF
GSW,/players/s/saricda01.html,8,Dario Šarić,29,48,9,19.8,3.4,7.1,.481,1.5,3.6,.413,1.9,3.5,.550,.585,1.5,1.8,.860,1.3,3.9,5.2,2.5,0.6,0.2,1.3,2.1,9.9,"C,PF"
HOU,/players/v/vanvlfr01.html,1,Fred VanVleet,29,47,47,36.7,5.5,13.5,.409,2.9,7.7,.374,2.6,5.8,.456,.516,2.6,3.0,.859,0.4,3.4,3.7,8.2,1.1,1.0,1.6,2.2,16.5,PG
HOU,/players/s/sengual01.html,2,Alperen Şengün,21,51,51,32.4,8.5,15.7,.541,0.5,1.9,.289,7.9,13.8,.575,.558,3.8,5.3,.717,2.8,6.5,9.3,5.0,1.1,0.7,2.6,3.3,21.3,C
HOU,/players/s/smithja05.html,3,Jabari Smith Jr.,20,47,47,31.4,4.9,10.6,.465,1.7,4.5,.370,3.3,6.1,.535,.543,1.7,2.1,.814,2.0,6.4,8.3,1.4,0.7,0.8,1.3,2.7,13.2,PF
HOU,/players/b/brookdi01.html,4,Dillon Brooks,28,43,43,31.2,5.0,11.1,.451,1.9,4.9,.393,3.1,6.2,.496,.538,2.0,2.3,.850,0.7,2.7,3.3,1.6,0.9,0.1,1.4,3.6,13.9,SF
HOU,/players/g/greenja05.html,5,Jalen Green,21,52,52,30.8,6.3,15.3,.415,2.1,6.6,.316,4.3,8.7,.490,.483,3.6,4.5,.798,0.4,4.4,4.9,3.4,0.7,0.3,2.3,1.3,18.3,SG
HOU,/players/e/easonta01.html,6,Tari Eason,22,22,0,21.8,4.0,8.6,.466,0.8,2.3,.360,3.2,6.3,.504,.513,1.0,1.5,.636,2.1,4.9,7.0,1.2,1.4,0.9,0.9,2.3,9.8,PF
HOU,/players/t/thompam01.html,7,Amen Thompson,21,33,4,18.2,2.8,5.7,.503,0.2,1.2,.158,2.7,4.5,.591,.519,1.3,2.0,.667,1.4,3.7,5.1,2.4,1.0,0.4,1.5,2.2,7.2,
HOU,/players/t/tateja01.html,8,Jae'Sean Tate,28,49,9,17.6,1.8,3.8,.478,0.4,1.4,.299,1.4,2.4,.581,.533,0.4,0.6,.714,1.0,2.3,3.3,1.1,0.7,0.2,0.4,2.4,4.4,SF
IND,/players/s/siakapa01.html,1,Pascal Siakam,29,13,13,32.9,8.9,15.5,.574,1.3,3.1,.425,7.6,12.5,.611,.616,2.4,3.8,.620,2.2,4.8,7.0,4.7,0.8,0.2,1.9,2.8,21.5,PF
IND,/players/h/halibty01.html,2,Tyrese Haliburton,23,41,40,31.9,7.9,15.9,.496,3.1,7.9,.396,4.8,8.0,.594,.594,3.1,3.7,.854,0.6,3.2,3.9,11.7,1.0,0.7,2.4,1.0,22.1,PG
IND,/players/b/brownbr01.html,3,Bruce Brown,27,33,33,29.7,4.5,9.5,.475,1.0,3.1,.327,3.5,6.5,.545,.527,2.0,2.5,.817,0.8,3.9,4.7,3.0,1.1,0.2,1.2,2.5,12.1,SF
IND,/players/t/turnemy01.html,4,Myles Turner,27,51,51,27.3,6.2,11.9,.522,1.4,4.0,.340,4.8,7.9,.616,.580,3.3,4.2,.778,1.6,5.4,6.9,1.4,0.5,1.7,1.5,3.3,17.1,C
IND,/players/n/nesmiaa01.html,5,Aaron Nesmith,24,49,24,27.2,4.6,8.8,.521,2.1,4.7,.461,2.4,4.1,.589,.643,1.3,1.8,.713,1.0,3.0,3.9,1.4,1.1,0.7,1.0,3.4,12.6,SF
IND,/players/h/hieldbu01.html,6,Buddy Hield,31,52,28,25.7,4.4,9.9,.443,2.6,6.9,.384,1.8,3.1,.575,.575,0.5,0.6,.848,0.7,2.6,3.2,2.7,0.8,0.6,1.2,2.0,12.0,SF
IND,/players/m/mathube01.html,7,Bennedict Mathurin,21,51,15,25.7,5.0,11.1,.453,1.3,3.4,.368,3.8,7.7,.491,.510,3.1,3.7,.825,1.0,2.9,3.9,1.9,0.5,0.2,1.7,1.9,14.4,SG
IND,/players/t/toppiob01.html,8,Obi Toppin,25,54,28,22.5,4.2,7.4,.568,1.2,3.1,.401,3.0,4.3,.687,.651,1.0,1.4,.753,1.1,2.8,3.9,1.6,0.5,0.5,0.9,1.9,10.7,PF
LAC,/players/h/hardeja01.html,1,James Harden,34,46,46,34.5,5.1,11.4,.448,2.8,6.7,.422,2.3,4.7,.486,.572,4.3,4.9,.875,0.4,4.7,5.1,8.5,1.2,0.9,2.6,2.1,17.3,PG
LAC,/players/l/leonaka01.html,2,Kawhi Leonard,32,47,47,34.4,9.0,17.1,.528,2.4,5.2,.455,6.7,11.9,.560,.597,3.8,4.3,.891,1.1,5.1,6.2,3.8,1.7,0.9,1.6,1.5,24.2,SF
LAC,/players/g/georgpa01.html,3,Paul George,33,48,48,33.8,7.9,17.3,.460,3.3,8.3,.400,4.6,8.9,.516,.557,3.3,3.6,.909,0.6,4.8,5.3,3.6,1.6,0.4,2.1,2.9,22.5,SF
LAC,/players/z/zubaciv01.html,4,Ivica Zubac,26,41,41,26.6,5.1,7.8,.658,0.0,0.0,,5.1,7.8,.658,.658,1.8,2.7,.655,3.1,6.3,9.4,1.2,0.2,1.3,1.1,2.7,12.0,C
LAC,/players/p/powelno01.html,5,Norman Powell,30,51,0,25.3,4.7,9.5,.495,2.1,4.6,.445,2.7,4.9,.542,.603,1.9,2.2,.850,0.2,2.4,2.6,1.0,0.5,0.4,0.8,1.8,13.4,SG
LAC,/players/m/mannte01.html,6,Terance Mann,27,45,41,24.9,2.9,6.2,.464,0.9,2.8,.307,2.0,3.4,.595,.534,0.9,1.1,.780,1.2,2.0,3.1,1.7,0.6,0.2,0.6,1.9,7.5,SG
LAC,/players/c/covinro01.html,7,Robert Covington,33,3,3,23.0,1.0,3.0,.333,0.7,2.7,.250,0.3,0.3,1.000,.444,0.3,0.7,.500,0.7,2.0,2.7,2.3,2.0,0.7,0.0,2.3,3.0,PF
LAC,/players/w/westbru01.html,8,Russell Westbrook,35,51,10,22.9,4.6,9.8,.468,0.7,2.4,.292,3.9,7.4,.524,.503,1.5,2.3,.658,1.5,4.0,5.5,4.6,1.1,0.4,2.1,1.8,11.3,PG
LAL,/players/d/davisan02.html,1,Anthony Davis,30,50,50,35.8,9.5,17.1,.554,0.3,1.2,.279,9.1,15.9,.576,.564,5.4,6.7,.807,3.0,9.0,12.1,3.9,1.2,2.4,2.1,2.4,24.7,C
LAL,/players/j/jamesle01.html,2,LeBron James,39,48,48,35.0,9.3,18.0,.519,2.1,5.4,.393,7.2,12.6,.572,.577,4.1,5.5,.737,0.9,6.4,7.3,7.8,1.3,0.6,3.2,1.2,24.8,PF
LAL,/players/r/russeda01.html,3,D'Angelo Russell,27,49,42,31.2,6.4,13.8,.465,2.7,6.4,.418,3.7,7.3,.507,.563,2.0,2.5,.810,0.4,2.3,2.7,6.2,0.8,0.5,1.9,2.1,17.5,PG
LAL,/players/r/reaveau01.html,4,Austin Reaves,25,54,29,31.0,5.4,11.2,.488,1.7,4.7,.359,3.7,6.4,.582,.564,3.1,3.6,.858,0.7,3.2,3.9,5.4,0.9,0.2,2.1,1.9,15.7,SG
LAL,/players/p/princta02.html,5,Taurean Prince,29,51,47,30.2,3.5,7.9,.436,2.0,5.2,.386,1.5,2.7,.529,.562,0.7,1.0,.735,0.2,2.7,2.9,1.7,0.9,0.5,0.9,2.2,9.6,PF
LAL,/players/v/vincega01.html,6,Gabe Vincent,27,5,0,25.4,2.4,6.4,.375,0.4,3.4,.118,2.0,3.0,.667,.406,0.2,0.4,.500,0.4,0.6,1.0,3.0,1.2,0.0,0.4,2.4,5.4,PG
LAL,/players/h/hachiru01.html,7,Rui Hachimura,25,40,11,23.9,4.3,8.6,.500,1.2,3.0,.383,3.2,5.6,.563,.567,1.6,2.1,.747,0.8,3.0,3.7,1.1,0.7,0.3,0.8,1.4,11.3,PF
LAL,/players/r/reddica01.html,8,Cam Reddish,24,35,26,23.3,2.4,5.9,.405,0.9,2.7,.337,1.5,3.1,.464,.483,1.0,1.3,.783,0.5,1.9,2.4,1.3,1.2,0.3,0.9,1.6,6.7,SF
MEM,/players/m/moranja01.html,1,Ja Morant,24,9,9,35.3,8.9,18.9,.471,1.6,5.7,.275,7.3,13.2,.555,.512,5.8,7.1,.813,0.7,4.9,5.6,8.1,0.8,0.6,3.0,2.1,25.1,PG
MEM,/players/b/banede01.html,2,Desmond Bane,25,37,37,34.5,8.9,18.8,.474,3.3,8.6,.384,5.6,10.2,.551,.563,3.3,3.8,.864,0.9,3.6,4.6,5.3,1.0,0.5,2.7,2.9,24.4,SG
MEM,/players/j/jacksja02.html,3,Jaren Jackson Jr.,24,49,49,31.8,7.7,17.2,.448,1.8,5.6,.324,5.9,11.6,.508,.501,5.1,6.2,.825,1.2,4.3,5.5,2.1,1.0,1.6,2.3,3.6,22.3,C
MEM,/players/s/smartma01.html,4,Marcus Smart,29,20,20,30.3,5.1,11.9,.430,2.1,6.7,.313,3.0,5.2,.583,.519,2.2,2.8,.768,0.3,2.4,2.7,4.3,2.1,0.3,3.1,2.7,14.5,PG
MEM,/players/w/willivi01.html,5,Vince Williams Jr.,23,41,22,26.0,3.0,6.8,.441,1.6,4.1,.382,1.4,2.7,.532,.557,1.7,2.2,.798,1.2,4.2,5.5,2.6,0.8,0.6,1.3,2.5,9.3,SG
MEM,/players/a/aldamsa01.html,6,Santi Aldama,23,41,15,24.6,4.0,9.3,.433,1.7,4.9,.350,2.3,4.5,.525,.525,0.9,1.4,.603,1.2,4.5,5.7,2.0,0.7,0.7,1.1,1.5,10.7,PF
MEM,/players/k/kennalu01.html,7,Luke Kennard,27,25,10,24.4,3.5,8.0,.437,2.7,6.0,.447,0.8,2.0,.408,.606,0.8,1.0,.875,0.4,2.6,3.0,3.1,0.4,0.0,1.0,1.1,10.5,SG
MEM,/players/b/biyombi01.html,8,Bismack Biyombo,31,30,27,23.9,2.2,4.0,.563,0.0,0.0,,2.2,4.0,.563,.563,0.7,1.5,.478,1.9,4.5,6.4,1.7,0.3,1.1,1.3,2.7,5.2,C
MIA,/players/a/adebaba01.html,1,Bam Adebayo,26,42,42,34.5,7.6,15.0,.509,0.0,0.3,.091,7.6,14.7,.516,.510,5.0,6.4,.773,2.2,8.3,10.5,4.0,1.0,1.0,2.4,2.5,20.2,C
MIA,/players/b/butleji01.html,2,Jimmy Butler,34,37,37,33.9,6.7,13.4,.500,1.0,2.3,.440,5.7,11.1,.512,.537,7.0,8.1,.869,2.0,3.4,5.5,4.6,1.3,0.3,1.7,1.1,21.4,PF
MIA,/players/h/herroty01.html,3,Tyler Herro,24,32,32,33.5,7.8,17.9,.436,3.3,8.1,.408,4.5,9.8,.459,.528,1.9,2.3,.838,0.5,4.8,5.3,4.3,0.9,0.1,2.2,1.5,20.9,SG
MIA,/players/r/roziete01.html,4,Terry Rozier,29,9,8,30.6,4.4,12.4,.357,1.2,4.8,.256,3.2,7.7,.420,.406,2.4,2.6,.957,0.9,3.7,4.6,5.6,0.9,0.2,1.2,2.1,12.6,SG
MIA,/players/j/jaqueja01.html,5,Jaime Jaquez Jr.,22,46,15,29.5,5.0,10.1,.496,1.0,2.9,.328,4.1,7.2,.563,.543,2.0,2.5,.825,1.2,2.6,3.8,2.6,1.1,0.2,1.7,2.4,13.0,
MIA,/players/l/lowryky01.html,6,Kyle Lowry,37,37,35,28.0,2.8,6.5,.426,1.7,4.4,.385,1.1,2.2,.506,.554,0.9,1.1,.833,0.7,2.8,3.5,4.0,1.1,0.4,1.4,2.5,8.2,PG
MIA,/players/r/robindu01.html,7,Duncan Robinson,29,47,17,27.2,4.5,10.0,.450,2.7,6.7,.397,1.8,3.2,.559,.584,1.3,1.5,.884,0.2,2.2,2.4,2.8,0.6,0.2,1.4,2.3,13.0,SF
MIA,/players/m/martica02.html,8,Caleb Martin,28,35,14,26.4,3.9,8.6,.454,1.1,3.1,.364,2.8,5.6,.503,.518,1.2,1.6,.754,1.2,3.4,4.6,2.1,0.8,0.3,1.1,2.1,10.2,SF
MIL,/players/l/lillada01.html,1,Damian Lillard,33,48,48,35.3,7.4,17.4,.427,2.9,8.5,.345,4.5,8.9,.505,.511,7.1,7.8,.922,0.5,3.6,4.2,6.8,1.1,0.2,2.5,1.7,25.0,PG
MIL,/players/a/antetgi01.html,2,Giannis Antetokounmpo,29,51,51,35.0,11.5,18.9,.609,0.5,1.8,.250,11.0,17.1,.646,.620,7.3,11.1,.657,2.5,8.7,11.2,6.3,1.4,1.1,3.5,3.1,30.7,PF
MIL,/players/l/lopezbr01.html,3,Brook Lopez,35,50,50,31.7,5.0,10.1,.492,1.8,5.1,.348,3.2,5.1,.636,.579,1.5,1.8,.831,1.6,3.9,5.5,1.6,0.6,2.7,0.9,2.6,13.2,C
MIL,/players/b/beaslma01.html,4,Malik Beasley,27,51,51,29.5,4.1,8.8,.469,2.9,6.4,.446,1.3,2.4,.529,.632,0.3,0.5,.640,0.7,3.3,4.0,1.4,0.7,0.1,0.7,2.1,11.4,SG
MIL,/players/m/middlkh01.html,5,Khris Middleton,32,43,43,26.3,5.6,11.6,.487,1.7,4.5,.378,3.9,7.1,.556,.560,1.8,2.2,.832,0.6,3.7,4.3,5.0,0.9,0.3,2.1,2.4,14.8,SF
MIL,/players/c/crowdja01.html,6,Jae Crowder,33,22,6,25.1,2.6,6.0,.439,1.5,4.0,.386,1.1,2.0,.545,.568,0.7,1.1,.667,0.4,3.0,3.4,1.7,0.7,0.2,0.4,1.8,7.5,PF
MIL,/players/p/portibo01.html,7,Bobby Portis,28,53,1,23.9,5.0,10.2,.494,1.2,3.0,.381,3.9,7.2,.541,.550,1.3,1.7,.787,1.6,5.3,6.9,1.0,0.8,0.4,0.9,2.5,12.5,PF
MIL,/players/c/connapa01.html,8,Pat Connaughton,31,47,2,21.2,1.9,4.2,.457,1.1,3.0,.386,0.8,1.2,.632,.594,0.4,0.6,.690,0.6,2.5,3.2,1.9,0.5,0.2,0.6,1.3,5.4,SF
MIN,/players/e/edwaran01.html,1,Anthony Edwards,22,49,49,35.1,8.9,19.2,.465,2.6,6.6,.393,6.3,12.6,.503,.532,5.4,6.5,.834,0.6,4.6,5.2,5.2,1.2,0.5,3.4,2.0,25.9,SG
MIN,/players/g/goberru01.html,2,Rudy Gobert,31,51,51,33.4,5.2,7.9,.649,0.0,0.0,.000,5.2,7.9,.653,.649,3.4,5.3,.639,3.5,9.0,12.5,1.2,0.6,2.0,1.5,3.0,13.7,C
MIN,/players/t/townska01.html,3,Karl-Anthony Towns,28,51,51,33.2,8.1,15.7,.516,2.3,5.2,.442,5.8,10.5,.552,.589,4.1,4.7,.871,1.4,7.1,8.5,3.0,0.7,0.6,2.9,3.3,22.6,PF
MIN,/players/c/conlemi01.html,4,Mike Conley,36,47,47,29.2,3.6,8.1,.446,2.4,5.3,.448,1.3,2.8,.444,.592,1.1,1.3,.915,0.3,2.5,2.8,6.5,1.0,0.2,1.1,1.7,10.7,PG
MIN,/players/m/mcdanja02.html,5,Jaden McDaniels,23,42,41,28.9,4.4,8.7,.511,1.3,3.4,.371,3.2,5.3,.602,.584,0.6,0.8,.771,0.8,1.9,2.7,1.4,0.9,0.5,1.3,3.1,10.8,SF
MIN,/players/a/alexani01.html,6,Nickeil Alexander-Walker,25,52,16,23.0,2.4,5.8,.417,1.4,3.8,.360,1.0,2.0,.529,.536,0.5,0.7,.757,0.4,1.5,1.9,2.5,0.9,0.5,0.9,1.9,6.8,SG
MIN,/players/r/reidna01.html,7,Naz Reid,24,52,0,22.4,4.7,9.5,.488,1.9,4.7,.414,2.7,4.8,.560,.590,1.1,1.4,.760,0.9,3.7,4.6,1.1,0.7,0.8,1.2,1.9,12.3,C
MIN,/players/a/anderky01.html,8,Kyle Anderson,30,52,2,21.9,2.4,5.1,.472,0.1,0.6,.194,2.3,4.5,.509,.483,1.2,1.8,.681,0.8,2.7,3.5,4.0,0.8,0.6,1.3,1.5,6.2,PF
NOP,/players/i/ingrabr01.html,1,Brandon Ingram,26,49,49,33.3,8.1,16.5,.491,1.4,3.9,.358,6.7,12.6,.532,.533,4.0,5.0,.801,0.7,4.3,5.1,5.8,0.8,0.6,2.5,2.2,21.6,SF
NOP,/players/m/mccolcj01.html,2,CJ McCollum,32,39,39,32.0,6.9,14.8,.464,3.4,8.0,.425,3.5,6.8,.511,.580,1.9,2.4,.787,0.6,3.7,4.3,4.7,1.1,0.8,1.6,2.2,19.1,PG
NOP,/players/w/willizi01.html,3,Zion Williamson,23,42,42,30.4,8.8,14.9,.587,0.1,0.3,.364,8.7,14.7,.591,.590,4.7,6.9,.681,1.7,3.8,5.5,4.8,1.0,0.5,2.5,2.4,22.3,PF
NOP,/players/j/joneshe01.html,4,Herbert Jones,25,48,48,28.6,3.9,7.9,.499,1.4,3.5,.408,2.5,4.4,.571,.590,1.7,2.0,.851,1.1,2.4,3.5,2.5,1.1,0.9,1.2,2.8,11.0,PF
NOP,/players/v/valanjo01.html,5,Jonas Valančiūnas,31,53,53,25.8,5.5,9.6,.573,0.6,1.6,.345,4.9,8.0,.619,.602,2.4,2.9,.801,2.6,6.9,9.5,2.3,0.5,1.0,1.4,3.0,13.9,C
NOP,/players/m/murphtr02.html,6,Trey Murphy III,23,28,6,25.6,4.4,9.9,.440,2.5,6.9,.366,1.8,3.0,.614,.569,1.6,2.0,.786,0.5,3.2,3.7,1.6,0.6,0.4,0.5,1.2,12.8,SF
NOP,/players/d/daniedy01.html,7,Dyson Daniels,20,52,15,21.9,2.2,4.9,.438,0.6,2.1,.291,1.5,2.8,.548,.500,0.6,1.0,.640,1.0,2.7,3.7,2.6,1.4,0.4,1.0,1.6,5.5,PG
NOP,/players/r/ryanma01.html,8,Matt Ryan,26,14,1,21.6,2.7,6.1,.447,2.3,4.9,.471,0.4,1.2,.353,.635,0.9,1.0,.929,0.4,1.9,2.2,1.0,0.4,0.1,1.1,1.7,8.6,SF
NYK,/players/b/brunsja01.html,1,Jalen Brunson,27,50,50,35.8,9.8,20.3,.484,2.6,6.5,.407,7.2,13.8,.520,.549,5.2,6.2,.840,0.6,3.3,3.9,6.5,0.9,0.2,2.3,2.0,27.5,PG
NYK,/players/a/anunoog01.html,2,OG Anunoby,26,14,14,35.7,5.8,11.2,.516,1.8,4.6,.391,4.0,6.6,.602,.596,2.3,2.7,.842,1.1,3.6,4.6,1.5,1.8,1.1,1.4,2.4,15.6,SF
NYK,/players/r/randlju01.html,3,Julius Randle,29,46,46,35.4,8.6,18.2,.472,1.7,5.3,.311,6.9,12.9,.539,.518,5.1,6.6,.781,2.2,7.0,9.2,5.0,0.5,0.3,3.5,2.7,24.0,PF
NYK,/players/b/bogdabo02.html,4,Bojan Bogdanović,34,1,0,33.0,3.0,10.0,.300,2.0,6.0,.333,1.0,4.0,.250,.400,3.0,4.0,.750,0.0,3.0,3.0,1.0,1.0,0.0,0.0,2.0,11.0,PF
NYK,/players/h/hartjo01.html,5,Josh Hart,28,52,13,29.6,3.0,7.0,.421,0.9,2.9,.305,2.1,4.1,.502,.484,0.9,1.1,.839,1.3,5.8,7.1,3.2,0.8,0.3,1.3,1.9,7.7,SF
NYK,/players/b/barrerj01.html,6,RJ Barrett,23,26,26,29.5,6.3,14.9,.423,1.7,5.0,.331,4.7,9.9,.469,.478,4.0,4.8,.831,0.7,3.5,4.3,2.4,0.5,0.3,1.8,1.7,18.2,SG
NYK,/players/r/robinmi01.html,7,Mitchell Robinson,25,21,21,29.2,2.8,4.7,.592,0.0,0.0,,2.8,4.7,.592,.592,0.7,1.8,.368,5.3,5.0,10.3,0.7,1.5,1.3,1.0,1.9,6.2,C
NYK,/players/h/harteis01.html,8,Isaiah Hartenstein,25,50,24,25.6,2.9,4.6,.619,0.0,0.1,.333,2.8,4.6,.623,.621,1.4,2.0,.707,3.4,5.3,8.7,2.0,1.2,1.1,1.2,2.9,7.1,C
OKC,/players/g/gilgesh01.html,1,Shai Gilgeous-Alexander,25,51,51,34.5,10.9,19.9,.547,1.2,3.3,.359,9.7,16.5,.585,.577,8.0,9.0,.889,0.9,4.7,5.6,6.5,2.2,0.9,2.2,2.5,31.0,PG
OKC,/players/w/willija06.html,2,Jalen Williams,22,46,46,31.9,7.3,13.6,.537,1.5,3.2,.450,5.8,10.3,.564,.591,2.6,3.2,.804,0.5,3.5,4.0,4.5,1.0,0.5,1.7,2.6,18.6,SG
OKC,/players/h/holmgch01.html,3,Chet Holmgren,21,52,52,30.0,6.4,11.9,.536,1.7,4.3,.397,4.7,7.6,.614,.608,2.4,3.2,.762,1.6,6.1,7.6,2.7,0.7,2.6,1.6,2.5,16.8,
OKC,/players/d/dortlu01.html,4,Luguentz Dort,24,50,50,28.3,3.6,8.2,.434,1.9,4.8,.384,1.7,3.4,.506,.548,1.6,2.0,.806,1.1,2.6,3.7,1.3,0.8,0.7,0.9,3.0,10.6,SF
OKC,/players/g/giddejo01.html,5,Josh Giddey,21,51,51,25.0,4.7,10.5,.446,1.0,3.0,.331,3.7,7.5,.491,.493,1.3,1.5,.831,1.4,4.8,6.2,4.5,0.7,0.5,2.0,1.2,11.6,PF
OKC,/players/w/wallaca01.html,6,Cason Wallace,20,52,9,21.0,2.7,5.2,.507,1.2,2.8,.418,1.5,2.4,.611,.619,0.4,0.5,.846,0.6,1.6,2.2,1.4,0.7,0.4,0.5,1.8,6.9,
OKC,/players/j/joeis01.html,7,Isaiah Joe,24,48,0,18.7,2.9,6.4,.459,2.0,4.8,.425,0.9,1.6,.557,.617,0.7,0.8,.842,0.4,2.0,2.4,1.1,0.6,0.3,0.6,1.1,8.6,SG
OKC,/players/w/willike04.html,8,Kenrich Williams,29,41,1,15.2,1.8,3.9,.456,0.8,2.0,.386,1.0,1.9,.532,.556,0.1,0.2,.300,0.8,2.0,2.9,1.3,0.6,0.1,0.4,1.5,4.4,PF
ORL,/players/b/banchpa01.html,1,Paolo Banchero,21,53,53,35.0,8.1,17.8,.453,1.5,4.2,.359,6.6,13.6,.482,.495,5.2,7.4,.700,1.2,5.7,6.9,5.2,1.1,0.5,3.0,2.0,22.8,PF
ORL,/players/w/wagnefr01.html,2,Franz Wagner,22,45,45,33.3,7.9,16.4,.479,1.7,5.2,.322,6.2,11.2,.551,.530,3.8,4.5,.851,1.1,4.5,5.6,4.1,1.1,0.4,2.0,2.3,21.2,SF
ORL,/players/s/suggsja01.html,3,Jalen Suggs,22,49,49,26.8,4.4,9.8,.447,2.0,5.2,.387,2.3,4.6,.516,.550,1.5,2.0,.760,0.7,2.6,3.2,2.4,1.4,0.6,1.9,2.8,12.2,SG
ORL,/players/c/cartewe01.html,4,Wendell Carter Jr.,24,27,21,26.1,4.0,7.7,.522,1.2,2.9,.416,2.8,4.8,.585,.599,1.9,2.7,.722,1.9,4.7,6.5,1.6,0.5,0.5,1.1,2.3,11.1,C
ORL,/players/f/fultzma01.html,5,Markelle Fultz,25,20,14,24.3,4.1,8.2,.494,0.1,0.4,.143,4.0,7.9,.510,.497,0.5,0.8,.563,1.3,2.1,3.4,3.7,1.4,0.4,1.2,1.8,8.6,PG
ORL,/players/a/anthoco01.html,6,Cole Anthony,23,52,0,23.1,4.1,9.4,.432,1.1,3.3,.326,3.0,6.1,.489,.489,2.8,3.3,.838,0.9,3.2,4.1,3.1,0.8,0.4,1.8,2.5,12.0,PG
ORL,/players/h/harriga01.html,7,Gary Harris,29,32,6,22.4,2.4,5.6,.428,1.2,3.8,.322,1.2,1.8,.644,.536,0.8,1.0,.781,0.5,1.1,1.6,1.8,0.8,0.3,0.5,1.7,6.8,SG
ORL,/players/b/bitadgo01.html,8,Goga Bitadze,24,44,31,18.9,2.5,4.1,.619,0.0,0.2,.200,2.5,3.9,.643,.624,1.1,1.6,.662,2.2,3.5,5.7,1.5,0.6,1.4,0.7,2.1,6.2,C
PHI,/players/h/hieldbu01.html,1,Buddy Hield,31,2,2,38.0,8.5,18.5,.459,4.0,10.5,.381,4.5,8.0,.563,.568,0.5,1.0,.500,1.0,3.5,4.5,6.0,2.0,0.0,2.0,3.0,21.5,SF
PHI,/players/m/maxeyty01.html,2,Tyrese Maxey,23,47,47,37.1,8.9,19.8,.448,3.1,8.1,.380,5.8,11.7,.495,.526,4.9,5.7,.857,0.5,3.1,3.6,6.4,1.0,0.5,1.6,2.1,25.7,SG
PHI,/players/e/embiijo01.html,3,Joel Embiid,29,34,34,34.0,11.8,22.2,.533,1.2,3.3,.366,10.6,18.9,.562,.560,10.5,11.9,.883,2.6,8.7,11.3,5.7,1.1,1.8,3.7,2.9,35.3,C
PHI,/players/h/harrito02.html,4,Tobias Harris,31,48,48,34.0,6.8,13.3,.507,1.2,3.4,.346,5.6,9.9,.562,.551,3.1,3.4,.896,1.1,5.0,6.0,3.4,1.0,0.5,1.5,1.7,17.7,SF
PHI,/players/m/meltode01.html,5,De'Anthony Melton,25,33,33,29.1,3.9,9.9,.393,2.1,5.8,.363,1.8,4.1,.437,.500,1.9,2.3,.827,0.8,3.2,4.0,3.2,1.6,0.5,1.2,2.4,11.8,SG
PHI,/players/o/oubreke01.html,6,Kelly Oubre Jr.,28,40,29,28.6,5.2,11.3,.456,1.5,4.6,.321,3.7,6.7,.549,.521,2.2,2.9,.735,1.2,3.3,4.5,1.1,1.1,0.6,0.9,2.9,13.9,SF
PHI,/players/p/payneca01.html,7,Cameron Payne,29,2,1,28.5,5.0,12.0,.417,2.0,6.0,.333,3.0,6.0,.500,.500,1.0,1.5,.667,1.5,0.5,2.0,6.0,1.0,0.5,1.5,1.5,13.0,PG
PHI,/players/b/batumni01.html,8,Nicolas Batum,35,31,27,25.5,2.2,4.1,.528,1.4,2.9,.467,0.8,1.2,.676,.693,0.3,0.5,.643,1.4,2.6,4.0,2.4,0.6,0.7,0.6,2.0,6.0,PF
PHO,/players/d/duranke01.html,1,Kevin Durant,35,46,46,37.1,10.3,19.2,.535,2.3,5.1,.445,8.0,14.0,.568,.595,5.5,6.3,.872,0.5,6.0,6.5,5.7,0.9,1.3,3.2,1.8,28.3,PF
PHO,/players/b/bookede01.html,2,Devin Booker,27,43,43,36.1,9.8,19.6,.502,2.3,6.0,.381,7.6,13.6,.556,.561,6.1,7.0,.870,0.7,4.0,4.7,7.1,0.9,0.4,2.6,3.0,28.0,SG
PHO,/players/b/bealbr01.html,3,Bradley Beal,30,29,29,33.6,7.3,14.8,.493,1.7,4.6,.358,5.7,10.2,.554,.549,2.4,3.1,.775,0.9,3.5,4.4,4.7,0.9,0.3,2.5,2.7,18.7,SG
PHO,/players/a/allengr01.html,4,Grayson Allen,28,47,47,32.9,4.3,8.4,.511,2.6,5.2,.490,1.7,3.2,.547,.663,1.6,1.8,.884,0.6,3.4,4.0,3.1,0.9,0.6,1.3,2.1,12.8,SG
PHO,/players/g/gordoer01.html,5,Eric Gordon,35,45,21,29.8,4.5,9.9,.459,2.4,6.3,.387,2.1,3.6,.588,.583,0.8,1.0,.800,0.3,1.8,2.1,2.2,0.9,0.5,1.3,1.3,12.3,SG
PHO,/players/n/nurkiju01.html,6,Jusuf Nurkić,29,50,50,27.4,4.6,9.0,.517,0.4,1.7,.250,4.2,7.3,.578,.540,2.2,3.2,.689,2.6,7.6,10.2,3.7,1.0,1.0,2.1,3.4,11.9,C
PHO,/players/o/okogijo01.html,7,Josh Okogie,25,47,11,17.6,1.6,3.7,.426,0.5,1.7,.288,1.1,2.0,.542,.491,1.4,1.9,.719,1.3,1.5,2.8,1.1,0.9,0.4,0.5,1.3,5.0,SG
PHO,/players/e/eubandr01.html,8,Drew Eubanks,26,47,3,16.2,2.3,3.6,.635,0.1,0.1,1.000,2.2,3.6,.629,.644,1.1,1.4,.735,1.3,3.0,4.3,1.0,0.4,0.8,1.0,1.7,5.7,C
POR,/players/g/grantje01.html,1,Jerami Grant,29,45,45,34.0,7.4,16.1,.461,2.1,5.2,.405,5.3,11.0,.487,.526,5.0,6.2,.809,0.7,3.1,3.8,2.7,0.7,0.7,2.0,2.2,21.9,PF
POR,/players/s/simonan01.html,2,Anfernee Simons,24,29,29,33.6,8.1,18.3,.442,3.4,8.8,.388,4.7,9.6,.491,.535,3.8,4.2,.909,0.5,3.0,3.5,5.3,0.5,0.1,2.5,2.0,23.4,SG
POR,/players/s/sharpsh01.html,3,Shaedon Sharpe,20,32,25,33.1,5.5,13.6,.406,1.9,5.6,.333,3.6,7.9,.457,.475,3.1,3.7,.824,1.3,3.7,5.0,2.9,0.9,0.4,2.3,2.8,15.9,SG
POR,/players/a/aytonde01.html,4,Deandre Ayton,25,35,35,32.0,6.4,11.6,.554,0.0,0.0,,6.4,11.6,.554,.554,1.1,1.3,.809,3.1,7.3,10.4,1.7,1.0,0.8,1.8,2.2,13.9,C
POR,/players/b/brogdma01.html,5,Malcolm Brogdon,31,39,25,28.7,5.6,12.7,.440,2.1,5.1,.412,3.5,7.6,.458,.522,2.4,3.0,.819,0.7,3.1,3.8,5.5,0.7,0.2,1.5,1.5,15.7,PG
POR,/players/h/hendesc01.html,6,Scoot Henderson,19,41,15,26.7,4.4,11.8,.373,1.2,4.0,.315,3.2,7.9,.402,.426,2.7,3.3,.810,0.9,2.1,3.0,4.6,0.6,0.2,3.0,3.0,12.8,
POR,/players/h/haganas01.html,7,Ashton Hagans,24,2,1,25.5,2.0,5.5,.364,0.0,2.0,.000,2.0,3.5,.571,.364,0.5,1.0,.500,0.0,2.0,2.0,3.5,0.5,0.5,1.5,3.5,4.5,
POR,/players/b/bantoda01.html,8,Dalano Banton,24,1,0,25.0,5.0,14.0,.357,1.0,5.0,.200,4.0,9.0,.444,.393,1.0,1.0,1.000,0.0,3.0,3.0,3.0,0.0,0.0,2.0,0.0,12.0,PG
SAC,/players/s/sabondo01.html,1,Domantas Sabonis,27,51,51,35.5,8.0,12.8,.622,0.5,1.1,.439,7.5,11.7,.640,.641,3.4,4.9,.692,3.1,10.1,13.2,8.2,0.8,0.5,3.3,3.1,19.8,C
SAC,/players/f/foxde01.html,2,De'Aaron Fox,26,45,45,35.4,9.5,20.4,.467,2.9,7.7,.379,6.6,12.7,.520,.539,4.6,6.5,.711,0.8,3.2,4.0,5.4,1.9,0.4,2.5,2.6,26.6,PG
SAC,/players/m/murrake02.html,3,Keegan Murray,23,47,47,32.4,5.8,12.4,.463,2.3,6.4,.361,3.5,6.1,.570,.556,1.4,1.7,.802,1.2,4.0,5.2,1.7,1.1,0.6,0.8,2.7,15.2,SF
SAC,/players/b/barneha02.html,4,Harrison Barnes,31,51,51,29.8,4.2,8.8,.478,1.9,4.9,.399,2.3,3.9,.575,.588,1.8,2.2,.811,0.8,2.1,2.9,1.2,0.7,0.2,0.7,1.2,12.1,PF
SAC,/players/m/monkma01.html,5,Malik Monk,25,50,0,25.6,5.2,11.5,.449,2.3,6.0,.378,2.9,5.6,.525,.547,2.3,2.9,.807,0.4,2.3,2.7,5.3,0.6,0.6,2.1,2.0,15.0,SG
SAC,/players/h/huertke01.html,6,Kevin Huerter,25,49,44,25.1,4.1,9.1,.452,2.1,5.6,.370,2.0,3.5,.585,.566,0.7,0.9,.791,0.6,3.0,3.7,2.7,0.7,0.4,0.8,2.2,11.0,SG
SAC,/players/l/lylestr01.html,7,Trey Lyles,28,37,0,20.1,2.6,5.6,.469,1.7,4.1,.418,0.9,1.5,.607,.622,0.8,1.2,.689,0.9,3.6,4.5,1.3,0.3,0.3,0.6,1.5,7.9,PF
SAC,/players/m/mitchda01.html,8,Davion Mitchell,25,41,3,13.0,1.4,3.6,.385,0.5,1.8,.260,0.9,1.8,.507,.449,0.4,0.6,.783,0.1,0.9,1.0,1.8,0.2,0.0,0.6,1.2,3.7,PG
SAS,/players/v/vassede01.html,1,Devin Vassell,23,48,42,31.8,7.0,14.9,.467,2.5,6.8,.363,4.5,8.1,.554,.550,2.5,3.1,.807,0.4,3.3,3.7,3.6,1.0,0.3,1.4,1.0,18.9,SG
SAS,/players/j/johnske04.html,2,Keldon Johnson,24,49,26,30.2,6.0,13.2,.453,1.8,5.2,.339,4.2,8.1,.527,.519,2.7,3.4,.780,1.4,4.4,5.8,3.0,0.8,0.3,1.6,2.3,16.4,SF
SAS,/players/s/sochaje01.html,3,Jeremy Sochan,20,53,52,29.5,4.4,10.1,.439,1.0,2.8,.338,3.5,7.2,.479,.487,1.5,1.9,.775,1.8,4.3,6.1,3.7,0.7,0.4,1.9,2.3,11.3,PF
SAS,/players/w/wembavi01.html,4,Victor Wembanyama,20,47,47,28.4,7.4,16.1,.464,1.6,4.9,.316,5.9,11.1,.529,.512,3.8,4.7,.811,2.1,7.9,10.0,3.1,1.1,3.0,3.4,2.2,20.3,
SAS,/players/j/jonestr01.html,5,Tre Jones,24,48,19,26.1,3.8,7.7,.500,0.6,2.3,.284,3.2,5.4,.591,.542,1.5,1.7,.877,0.7,2.4,3.1,5.8,1.0,0.1,1.4,1.2,9.8,PG
SAS,/players/c/colliza01.html,6,Zach Collins,26,41,24,24.4,4.5,9.4,.479,0.9,3.2,.277,3.6,6.2,.583,.526,1.9,2.4,.778,1.8,3.7,5.4,3.1,0.5,0.7,2.1,3.3,11.7,C
SAS,/players/b/branhma01.html,7,Malaki Branham,20,48,21,20.2,3.2,7.5,.422,0.9,3.0,.295,2.3,4.5,.509,.482,0.5,0.6,.929,0.3,1.6,2.0,2.2,0.4,0.1,1.1,1.2,7.8,SG
SAS,/players/o/osmande01.html,8,Cedi Osman,28,53,1,18.1,2.7,5.7,.475,1.2,3.2,.380,1.5,2.5,.600,.583,0.6,0.9,.680,0.4,2.2,2.6,1.7,0.5,0.2,0.6,1.5,7.3,SF
TOR,/players/b/barnesc01.html,1,Scottie Barnes,22,53,53,35.2,7.5,15.7,.476,1.8,5.1,.358,5.6,10.6,.533,.534,3.4,4.3,.777,2.3,5.8,8.1,5.9,1.2,1.5,2.6,2.0,20.1,SF
TOR,/players/s/siakapa01.html,2,Pascal Siakam,29,39,39,34.7,8.3,16.0,.522,1.2,3.7,.317,7.2,12.3,.584,.559,4.3,5.7,.758,1.4,4.9,6.3,4.9,0.8,0.3,2.1,2.2,22.2,PF
TOR,/players/b/barrerj01.html,3,RJ Barrett,23,17,17,34.2,8.0,14.6,.548,1.5,3.9,.379,6.5,10.7,.610,.599,3.4,5.1,.655,1.1,5.8,6.9,3.6,0.6,0.4,1.9,2.8,20.8,SG
TOR,/players/a/anunoog01.html,4,OG Anunoby,26,27,27,33.3,5.8,11.9,.489,2.3,6.0,.374,3.6,5.9,.608,.584,1.2,1.7,.717,0.9,3.0,3.9,2.7,1.0,0.5,1.6,2.3,15.1,SF
TOR,/players/q/quickim01.html,5,Immanuel Quickley,24,18,18,32.2,5.7,13.9,.410,2.8,6.3,.439,2.9,7.6,.387,.510,2.6,3.2,.810,0.4,3.5,3.9,5.9,0.7,0.1,1.2,1.8,16.8,SG
TOR,/players/s/schrode01.html,6,Dennis Schröder,30,51,33,30.6,4.8,11.0,.442,1.5,4.3,.350,3.3,6.6,.501,.511,2.5,2.9,.852,0.4,2.3,2.7,6.1,0.9,0.2,1.6,2.1,13.7,PG
TOR,/players/p/poeltja01.html,7,Jakob Poeltl,28,42,42,26.8,4.8,7.0,.688,0.0,0.0,,4.8,7.0,.688,.688,1.2,2.2,.538,2.7,5.8,8.5,2.4,0.7,1.5,1.7,3.0,10.8,C
TOR,/players/t/trentga02.html,8,Gary Trent Jr.,25,48,18,26.3,4.3,10.3,.419,2.4,5.8,.419,1.9,4.5,.419,.537,0.6,0.9,.667,0.3,1.9,2.2,1.5,1.0,0.1,0.7,1.2,11.7,SG
UTA,/players/m/markkla01.html,1,Lauri Markkanen,26,43,43,32.7,8.0,16.0,.501,3.3,8.0,.406,4.8,8.0,.598,.603,4.4,5.0,.884,2.3,6.2,8.5,1.9,0.9,0.5,1.3,2.0,23.7,PF
UTA,/players/c/clarkjo01.html,2,Jordan Clarkson,31,43,19,30.0,6.2,14.9,.415,1.6,5.6,.290,4.6,9.3,.490,.470,3.3,3.7,.875,0.9,2.4,3.4,4.8,0.6,0.1,2.7,1.3,17.3,SG
UTA,/players/c/collijo01.html,3,John Collins,26,49,47,27.8,5.7,10.9,.522,1.2,3.5,.343,4.5,7.4,.608,.578,1.8,2.3,.781,2.2,5.9,8.1,1.0,0.6,0.8,1.3,2.8,14.4,PF
UTA,/players/s/sextoco01.html,4,Collin Sexton,25,53,30,24.4,5.9,12.3,.482,1.5,4.0,.387,4.4,8.3,.527,.544,4.1,4.7,.871,0.9,1.7,2.5,4.5,0.7,0.2,1.9,2.0,17.5,PG
UTA,/players/g/georgke01.html,5,Keyonte George,20,47,16,24.3,3.6,9.3,.386,1.7,5.2,.333,1.9,4.1,.453,.479,2.4,3.0,.821,0.3,2.5,2.8,4.2,0.4,0.1,2.0,1.0,11.3,
UTA,/players/k/kesslwa01.html,6,Walker Kessler,22,45,14,23.2,3.7,5.6,.661,0.1,0.4,.250,3.6,5.3,.689,.669,0.9,1.6,.542,2.6,4.9,7.5,0.8,0.5,2.8,1.0,2.1,8.4,C
UTA,/players/f/fontesi01.html,7,Simone Fontecchio,28,50,34,23.2,3.2,7.2,.450,1.8,4.7,.391,1.4,2.5,.560,.577,0.6,0.8,.800,1.0,2.5,3.5,1.5,0.6,0.4,1.0,1.6,8.9,SF
UTA,/players/h/hortota01.html,8,Talen Horton-Tucker,23,33,11,20.9,3.9,9.5,.406,1.2,3.5,.328,2.7,6.0,.452,.467,1.7,2.2,.770,0.5,2.1,2.5,4.0,1.0,0.3,1.5,1.9,10.6,SG
WAS,/players/k/kuzmaky01.html,1,Kyle Kuzma,28,51,51,31.7,8.5,18.8,.456,2.3,6.8,.332,6.3,11.9,.526,.516,2.5,3.1,.801,1.0,5.4,6.3,4.2,0.4,0.7,2.6,2.2,21.8,PF
WAS,/players/p/poolejo01.html,2,Jordan Poole,24,50,50,29.2,5.7,14.1,.404,1.9,6.3,.300,3.8,7.7,.490,.472,2.6,3.0,.859,0.4,2.0,2.3,3.7,1.0,0.3,2.1,3.2,15.8,PG
WAS,/players/j/jonesty01.html,3,Tyus Jones,27,52,52,28.7,5.2,10.5,.498,1.6,3.8,.421,3.6,6.7,.542,.574,0.5,0.7,.765,0.3,2.5,2.8,6.5,1.1,0.3,0.9,0.8,12.6,PG
WAS,/players/a/avdijde01.html,4,Deni Avdija,23,52,52,27.8,4.8,9.4,.515,1.1,2.7,.393,3.8,6.7,.565,.572,2.3,3.0,.747,1.0,5.4,6.4,3.8,0.8,0.4,1.9,2.5,13.0,SF
WAS,/players/c/coulibi01.html,5,Bilal Coulibaly,19,51,4,26.8,3.0,6.7,.453,1.0,2.7,.371,2.0,3.9,.510,.529,1.4,2.0,.706,0.8,3.2,4.1,1.8,0.9,0.8,1.5,2.1,8.5,
WAS,/players/g/gaffoda01.html,6,Daniel Gafford,25,45,45,26.5,4.5,6.5,.690,0.0,0.0,,4.5,6.5,.690,.690,1.9,2.6,.706,2.9,5.1,8.0,1.5,1.0,2.2,1.0,3.3,10.9,C
WAS,/players/b/baglema01.html,7,Marvin Bagley III,24,9,3,23.0,5.3,9.3,.571,0.1,0.4,.250,5.2,8.9,.588,.577,3.2,4.9,.659,3.7,3.9,7.6,1.2,0.6,0.6,1.8,2.8,14.0,C
WAS,/players/k/kispeco01.html,8,Corey Kispert,24,51,1,22.2,4.3,8.8,.489,2.0,5.5,.362,2.3,3.4,.696,.601,1.4,1.8,.778,0.3,2.1,2.4,1.5,0.4,0.2,1.0,1.5,12.0,SF
