Player,Tm,PTS,Points_Running_Avg,player_points_line
Trae Young,ATL,30.0,28.2,30.5
Trae Young,ATL,30.0,28.269,27.5
Trae Young,ATL,30.0,28.333,30.5
Trae Young,ATL,21.0,28.071,28.5
Trae Young,ATL,24.0,27.931,28.5
Trae Young,ATL,40.0,28.333,28.5
Trae Young,ATL,24.0,28.194,27.5
Trae Young,ATL,13.0,27.719,28.5
Trae Young,ATL,31.0,27.818,25.5
Trae Young,ATL,28.0,27.824,27.5
Trae Young,ATL,13.0,27.4,28.5
Trae Young,ATL,21.0,27.222,29.5
Trae Young,ATL,36.0,27.459,29.5
Trae Young,ATL,18.0,27.211,27.5
Trae Young,ATL,30.0,26.975,25.5
Trae Young,ATL,30.0,27.049,25.5
Dejounte Murray,ATL,21.0,20.0,18.5
Dejounte Murray,ATL,24.0,20.143,18.5
Dejounte Murray,ATL,26.0,20.345,19.5
Dejounte Murray,ATL,18.0,20.161,20.5
Dejounte Murray,ATL,32.0,20.531,21.5
Dejounte Murray,ATL,22.0,20.576,19.5
Dejounte Murray,ATL,30.0,20.853,21.5
Dejounte Murray,ATL,24.0,20.943,20.5
Dejounte Murray,ATL,25.0,21.056,22.5
Dejounte Murray,ATL,29.0,21.27,23.5
Dejounte Murray,ATL,13.0,21.053,23.5
Dejounte Murray,ATL,13.0,20.846,23.5
Dejounte Murray,ATL,26.0,20.975,20.5
Dejounte Murray,ATL,35.0,21.395,24.5
Dejounte Murray,ATL,23.0,21.432,26.5
Dejounte Murray,ATL,24.0,21.5,21.5
Jalen Johnson,ATL,16.0,14.143,11.5
Jalen Johnson,ATL,24.0,14.8,16.5
Jalen Johnson,ATL,28.0,15.625,15.5
Jalen Johnson,ATL,12.0,15.412,17.5
Jalen Johnson,ATL,12.0,15.222,16.5
Jalen Johnson,ATL,25.0,15.737,15.5
Jalen Johnson,ATL,16.0,15.75,16.5
Jalen Johnson,ATL,5.0,15.238,16.5
Jalen Johnson,ATL,16.0,15.273,14.5
Jalen Johnson,ATL,10.0,15.043,14.5
Jalen Johnson,ATL,11.0,15.077,17.5
Jalen Johnson,ATL,21.0,15.296,17.5
Jalen Johnson,ATL,17.0,15.69,16.5
Saddiq Bey,ATL,9.0,13.0,14.5
Saddiq Bey,ATL,16.0,13.188,12.5
Saddiq Bey,ATL,14.0,13.235,13.5
Saddiq Bey,ATL,15.0,13.316,13.5
Saddiq Bey,ATL,11.0,13.2,15.5
Saddiq Bey,ATL,10.0,13.048,13.5
Saddiq Bey,ATL,9.0,12.864,13.5
Saddiq Bey,ATL,16.0,13.0,12.5
Saddiq Bey,ATL,15.0,13.083,13.5
Saddiq Bey,ATL,17.0,13.24,13.5
Saddiq Bey,ATL,16.0,13.346,13.5
Saddiq Bey,ATL,10.0,13.222,15.5
Saddiq Bey,ATL,7.0,13.0,12.5
Saddiq Bey,ATL,13.0,12.613,14.5
Saddiq Bey,ATL,18.0,12.781,13.5
Saddiq Bey,ATL,26.0,13.265,13.5
De'Andre Hunter,ATL,11.0,14.917,14.5
Clint Capela,ATL,15.0,11.808,13.5
Clint Capela,ATL,8.0,11.667,12.5
Clint Capela,ATL,20.0,11.964,10.5
Clint Capela,ATL,13.0,12.0,13.5
Clint Capela,ATL,12.0,12.0,12.5
Clint Capela,ATL,11.0,11.968,14.5
Clint Capela,ATL,12.0,11.969,12.5
Clint Capela,ATL,9.0,11.879,12.5
Clint Capela,ATL,4.0,11.647,11.5
Clint Capela,ATL,7.0,11.514,12.5
Clint Capela,ATL,4.0,11.306,12.5
Clint Capela,ATL,13.0,11.351,11.5
Clint Capela,ATL,12.0,11.368,10.5
Clint Capela,ATL,11.0,11.171,11.5
Clint Capela,ATL,11.0,11.167,11.5
Clint Capela,ATL,10.0,11.14,11.5
Clint Capela,ATL,19.0,11.318,11.5
Clint Capela,ATL,13.0,11.356,11.5
Jayson Tatum,BOS,15.0,26.808,28.5
Jayson Tatum,BOS,30.0,26.926,29.5
Jayson Tatum,BOS,25.0,26.857,28.5
Jayson Tatum,BOS,31.0,27.0,27.5
Jayson Tatum,BOS,25.0,26.933,26.5
Jayson Tatum,BOS,30.0,27.032,26.5
Jayson Tatum,BOS,30.0,27.125,26.5
Jayson Tatum,BOS,38.0,27.455,27.5
Jayson Tatum,BOS,45.0,27.971,25.5
Jayson Tatum,BOS,27.0,27.361,26.5
Jayson Tatum,BOS,19.0,27.135,28.5
Jayson Tatum,BOS,24.0,27.053,27.5
Jayson Tatum,BOS,22.0,26.923,27.5
Jayson Tatum,BOS,26.0,26.976,26.5
Jayson Tatum,BOS,21.0,26.837,29.5
Jayson Tatum,BOS,28.0,26.864,28.5
Jayson Tatum,BOS,30.0,26.933,29.5
Jrue Holiday,BOS,13.0,12.292,12.5
Jrue Holiday,BOS,18.0,13.111,12.5
Jrue Holiday,BOS,7.0,12.933,12.5
Jrue Holiday,BOS,14.0,12.968,12.5
Jrue Holiday,BOS,8.0,12.812,13.5
Jrue Holiday,BOS,11.0,12.778,12.5
Jrue Holiday,BOS,7.0,13.103,13.5
Jrue Holiday,BOS,17.0,13.293,11.5
Jrue Holiday,BOS,7.0,13.143,13.5
Jrue Holiday,BOS,17.0,13.386,13.5
Jaylen Brown,BOS,28.0,22.52,23.5
Jaylen Brown,BOS,24.0,22.778,26.5
Jaylen Brown,BOS,19.0,22.643,23.5
Jaylen Brown,BOS,24.0,22.967,23.5
Jaylen Brown,BOS,15.0,22.71,22.5
Jaylen Brown,BOS,13.0,22.406,23.5
Jaylen Brown,BOS,31.0,22.667,21.5
Jaylen Brown,BOS,35.0,23.514,23.5
Jaylen Brown,BOS,32.0,23.378,23.5
Jaylen Brown,BOS,21.0,23.316,26.5
Jaylen Brown,BOS,13.0,23.051,24.5
Jaylen Brown,BOS,18.0,22.952,22.5
Jaylen Brown,BOS,8.0,22.605,23.5
Jaylen Brown,BOS,22.0,22.591,23.5
Jaylen Brown,BOS,25.0,22.644,22.5
Derrick White,BOS,30.0,15.957,15.5
Derrick White,BOS,18.0,16.577,16.5
Derrick White,BOS,19.0,17.033,16.5
Derrick White,BOS,10.0,16.806,16.5
Derrick White,BOS,7.0,16.5,16.5
Derrick White,BOS,13.0,15.694,12.5
Derrick White,BOS,24.0,16.079,12.5
Derrick White,BOS,15.0,15.927,14.5
Derrick White,BOS,2.0,15.595,15.5
Derrick White,BOS,24.0,15.818,15.5
Al Horford,BOS,0.0,8.667,9.5
Mikal Bridges,BRK,15.0,21.667,21.5
Mikal Bridges,BRK,14.0,21.393,19.5
Mikal Bridges,BRK,29.0,21.655,21.5
Mikal Bridges,BRK,21.0,21.633,22.5
Mikal Bridges,BRK,6.0,21.129,22.5
Mikal Bridges,BRK,19.0,21.062,22.5
Mikal Bridges,BRK,22.0,21.091,22.5
Mikal Bridges,BRK,13.0,20.853,22.5
Mikal Bridges,BRK,17.0,20.583,20.5
Mikal Bridges,BRK,42.0,21.162,20.5
Mikal Bridges,BRK,26.0,21.289,22.5
Mikal Bridges,BRK,26.0,21.41,22.5
Mikal Bridges,BRK,21.0,21.4,24.5
Mikal Bridges,BRK,17.0,21.293,24.5
Mikal Bridges,BRK,26.0,21.405,22.5
Mikal Bridges,BRK,36.0,21.744,21.5
Mikal Bridges,BRK,21.0,21.727,22.5
Mikal Bridges,BRK,19.0,21.667,23.5
Mikal Bridges,BRK,33.0,21.913,22.5
Spencer Dinwiddie,BRK,10.0,14.769,16.5
Spencer Dinwiddie,BRK,6.0,14.444,14.5
Spencer Dinwiddie,BRK,14.0,14.429,14.5
Spencer Dinwiddie,BRK,9.0,14.241,14.5
Spencer Dinwiddie,BRK,17.0,14.333,14.5
Spencer Dinwiddie,BRK,13.0,14.29,14.5
Spencer Dinwiddie,BRK,0.0,13.844,14.5
Spencer Dinwiddie,BRK,23.0,14.029,13.5
Spencer Dinwiddie,BRK,5.0,13.771,14.5
Spencer Dinwiddie,BRK,2.0,13.444,13.5
Spencer Dinwiddie,BRK,16.0,13.525,12.5
Spencer Dinwiddie,BRK,0.0,13.195,13.5
Spencer Dinwiddie,BRK,10.0,13.14,11.5
Spencer Dinwiddie,BRK,2.0,12.886,12.5
Dorian Finney-Smith,BRK,9.0,10.0,8.5
Dorian Finney-Smith,BRK,0.0,9.583,8.5
Dorian Finney-Smith,BRK,0.0,8.75,8.5
Dorian Finney-Smith,BRK,5.0,8.621,7.5
Dorian Finney-Smith,BRK,19.0,8.935,9.5
Cameron Johnson,BRK,20.0,14.25,13.5
Cameron Johnson,BRK,17.0,14.381,13.5
Cameron Johnson,BRK,18.0,14.545,14.5
Cameron Johnson,BRK,24.0,14.957,14.5
Cameron Johnson,BRK,16.0,15.0,15.5
Cameron Johnson,BRK,13.0,14.92,15.5
Cameron Johnson,BRK,17.0,15.0,14.5
Cameron Johnson,BRK,9.0,14.786,15.5
Cameron Johnson,BRK,17.0,14.862,15.5
Cameron Johnson,BRK,3.0,14.467,15.5
Cameron Johnson,BRK,6.0,14.194,14.5
Cameron Johnson,BRK,10.0,14.03,13.5
Cameron Johnson,BRK,9.0,13.882,13.5
Cameron Johnson,BRK,19.0,14.029,12.5
Cameron Johnson,BRK,17.0,13.865,12.5
DeMar DeRozan,CHI,27.0,22.37,22.5
DeMar DeRozan,CHI,21.0,22.321,22.5
DeMar DeRozan,CHI,21.0,22.276,23.5
DeMar DeRozan,CHI,25.0,22.367,25.5
DeMar DeRozan,CHI,21.0,22.323,26.5
DeMar DeRozan,CHI,24.0,22.375,24.5
DeMar DeRozan,CHI,16.0,22.182,23.5
DeMar DeRozan,CHI,18.0,22.083,20.5
DeMar DeRozan,CHI,19.0,22.0,19.5
DeMar DeRozan,CHI,39.0,22.447,20.5
DeMar DeRozan,CHI,6.0,21.975,20.5
DeMar DeRozan,CHI,24.0,22.024,20.5
DeMar DeRozan,CHI,18.0,21.929,24.5
DeMar DeRozan,CHI,21.0,21.907,22.5
DeMar DeRozan,CHI,32.0,22.136,22.5
DeMar DeRozan,CHI,20.0,22.089,25.5
DeMar DeRozan,CHI,25.0,22.152,23.5
Coby White,CHI,17.0,17.483,22.5
Coby White,CHI,22.0,17.633,22.5
Coby White,CHI,17.0,17.613,21.5
Coby White,CHI,16.0,17.606,24.5
Coby White,CHI,20.0,17.676,21.5
Coby White,CHI,14.0,17.571,22.5
Coby White,CHI,27.0,18.158,18.5
Coby White,CHI,30.0,18.462,19.5
Coby White,CHI,25.0,18.625,20.5
Coby White,CHI,18.0,18.524,18.5
Coby White,CHI,23.0,18.628,19.5
Coby White,CHI,17.0,18.591,22.5
Coby White,CHI,26.0,18.756,20.5
Coby White,CHI,25.0,18.891,21.5
Coby White,CHI,15.0,18.809,22.5
Coby White,CHI,13.0,18.688,24.5
Zach LaVine,CHI,25.0,21.4,20.5
Zach LaVine,CHI,10.0,20.857,20.5
Zach LaVine,CHI,17.0,20.682,19.5
Zach LaVine,CHI,8.0,20.13,19.5
Patrick Williams,CHI,15.0,11.105,12.5
Patrick Williams,CHI,13.0,11.524,12.5
Patrick Williams,CHI,22.0,11.739,14.5
Patrick Williams,CHI,3.0,11.44,13.5
Patrick Williams,CHI,6.0,11.1,10.5
Alex Caruso,CHI,10.0,10.385,8.5
Alex Caruso,CHI,15.0,10.733,12.5
Alex Caruso,CHI,8.0,10.765,11.5
Alex Caruso,CHI,10.0,10.435,8.5
Alex Caruso,CHI,10.0,10.417,9.5
Alex Caruso,CHI,8.0,10.32,11.5
Alex Caruso,CHI,17.0,10.741,10.5
Alex Caruso,CHI,9.0,10.679,10.5
Alex Caruso,CHI,11.0,10.69,12.5
Miles Bridges,CHO,19.0,19.846,21.5
Miles Bridges,CHO,22.0,20.0,18.5
Miles Bridges,CHO,20.0,20.062,21.5
Miles Bridges,CHO,26.0,19.889,20.5
Miles Bridges,CHO,28.0,20.65,20.5
Miles Bridges,CHO,24.0,20.81,23.5
Miles Bridges,CHO,24.0,20.955,24.5
Miles Bridges,CHO,20.0,20.625,22.5
Miles Bridges,CHO,19.0,20.56,19.5
Miles Bridges,CHO,23.0,20.654,22.5
Miles Bridges,CHO,25.0,20.815,18.5
Miles Bridges,CHO,28.0,21.071,19.5
Miles Bridges,CHO,20.0,21.034,24.5
Miles Bridges,CHO,21.0,21.033,23.5
Miles Bridges,CHO,21.0,21.032,23.5
Terry Rozier,CHO,25.0,23.176,22.5
Terry Rozier,CHO,25.0,23.176,22.5
Terry Rozier,CHO,25.0,21.709,22.5
Terry Rozier,CHO,25.0,21.709,22.5
Terry Rozier,CHO,18.0,22.889,23.5
Terry Rozier,CHO,18.0,22.889,23.5
Terry Rozier,CHO,18.0,21.643,23.5
Terry Rozier,CHO,18.0,21.643,23.5
Terry Rozier,CHO,18.0,22.632,24.5
Terry Rozier,CHO,18.0,22.632,24.5
Terry Rozier,CHO,18.0,21.579,24.5
Terry Rozier,CHO,18.0,21.579,24.5
Terry Rozier,CHO,15.0,23.682,23.5
Terry Rozier,CHO,15.0,23.682,23.5
Terry Rozier,CHO,15.0,22.017,23.5
Terry Rozier,CHO,15.0,22.017,23.5
Terry Rozier,CHO,39.0,24.348,24.5
Terry Rozier,CHO,39.0,24.348,24.5
Terry Rozier,CHO,39.0,22.295,24.5
Terry Rozier,CHO,39.0,22.295,24.5
Terry Rozier,CHO,22.0,24.25,26.5
Terry Rozier,CHO,22.0,24.25,26.5
Terry Rozier,CHO,22.0,22.29,26.5
Terry Rozier,CHO,22.0,22.29,26.5
Terry Rozier,CHO,26.0,24.0,27.5
Terry Rozier,CHO,26.0,24.0,27.5
Terry Rozier,CHO,26.0,22.25,27.5
Terry Rozier,CHO,26.0,22.25,27.5
Terry Rozier,CHO,25.0,24.037,20.5
Terry Rozier,CHO,25.0,24.037,20.5
Terry Rozier,CHO,25.0,22.292,20.5
Terry Rozier,CHO,25.0,22.292,20.5
Terry Rozier,CHO,17.0,23.786,24.5
Terry Rozier,CHO,17.0,23.786,24.5
Terry Rozier,CHO,17.0,22.212,24.5
Terry Rozier,CHO,17.0,22.212,24.5
Terry Rozier,CHO,19.0,23.621,20.5
Terry Rozier,CHO,19.0,23.621,20.5
Terry Rozier,CHO,19.0,22.164,20.5
Terry Rozier,CHO,19.0,22.164,20.5
Terry Rozier,MIA,21.0,22.242,16.5
Terry Rozier,MIA,21.0,22.242,16.5
Terry Rozier,MIA,21.0,21.606,16.5
Terry Rozier,MIA,21.0,21.606,16.5
LaMelo Ball,CHO,21.0,24.647,28.5
LaMelo Ball,CHO,29.0,24.889,22.5
LaMelo Ball,CHO,28.0,25.053,25.5
LaMelo Ball,CHO,18.0,24.7,21.5
LaMelo Ball,CHO,17.0,24.333,27.5
LaMelo Ball,CHO,15.0,23.909,26.5
Grant Williams,DAL,9.0,9.583,9.5
Grant Williams,DAL,9.0,9.583,9.5
Grant Williams,DAL,9.0,9.351,9.5
Grant Williams,DAL,9.0,9.351,9.5
Gordon Hayward,CHO,11.0,15.043,16.5
Gordon Hayward,CHO,8.0,14.75,14.5
Brandon Miller,CHO,21.0,14.944,16.5
Brandon Miller,CHO,4.0,14.368,17.5
Brandon Miller,CHO,15.0,14.773,15.5
Brandon Miller,CHO,23.0,14.321,13.5
Brandon Miller,CHO,23.0,15.033,
Brandon Miller,CHO,5.0,14.71,17.5
Brandon Miller,CHO,12.0,14.625,16.5
Donovan Mitchell,CLE,34.0,28.0,29.5
Donovan Mitchell,CLE,26.0,27.917,29.5
Donovan Mitchell,CLE,22.0,27.68,30.5
Donovan Mitchell,CLE,26.0,27.615,29.5
Donovan Mitchell,CLE,17.0,27.222,28.5
Donovan Mitchell,CLE,45.0,27.857,26.5
Donovan Mitchell,CLE,34.0,28.069,31.5
Donovan Mitchell,CLE,31.0,28.167,33.5
Donovan Mitchell,CLE,25.0,27.75,31.5
Donovan Mitchell,CLE,23.0,27.606,31.5
Donovan Mitchell,CLE,32.0,27.735,30.5
Donovan Mitchell,CLE,28.0,27.743,29.5
Max Strus,CLE,18.0,13.893,15.5
Max Strus,CLE,26.0,14.267,19.5
Max Strus,CLE,6.0,13.758,16.5
Max Strus,CLE,24.0,14.059,15.5
Max Strus,CLE,9.0,13.914,15.5
Max Strus,CLE,8.0,13.75,14.5
Max Strus,CLE,0.0,13.378,13.5
Max Strus,CLE,10.0,12.829,12.5
Max Strus,CLE,14.0,12.857,11.5
Max Strus,CLE,11.0,12.814,11.5
Max Strus,CLE,14.0,12.841,11.5
Jarrett Allen,CLE,17.0,13.0,15.5
Jarrett Allen,CLE,19.0,13.28,15.5
Jarrett Allen,CLE,16.0,14.357,17.5
Jarrett Allen,CLE,17.0,14.448,19.5
Jarrett Allen,CLE,12.0,14.367,18.5
Jarrett Allen,CLE,29.0,14.839,16.5
Jarrett Allen,CLE,12.0,14.75,17.5
Jarrett Allen,CLE,10.0,14.606,17.5
Jarrett Allen,CLE,21.0,14.794,16.5
Jarrett Allen,CLE,14.0,14.75,16.5
Jarrett Allen,CLE,21.0,14.919,14.5
Jarrett Allen,CLE,24.0,15.158,16.5
Jarrett Allen,CLE,20.0,15.282,16.5
Isaac Okoro,CLE,12.0,11.4,10.5
Isaac Okoro,CLE,9.0,12.071,11.5
Isaac Okoro,CLE,8.0,11.8,10.5
Isaac Okoro,CLE,3.0,11.25,10.5
Isaac Okoro,CLE,12.0,11.294,9.5
Isaac Okoro,CLE,8.0,10.905,10.5
Isaac Okoro,CLE,10.0,10.864,
Isaac Okoro,CLE,3.0,10.522,8.5
Isaac Okoro,CLE,17.0,10.792,7.5
Kyrie Irving,DAL,29.0,22.842,21.5
Kyrie Irving,DAL,24.0,22.9,24.5
Kyrie Irving,DAL,33.0,23.909,25.5
Kyrie Irving,DAL,44.0,24.783,30.5
Kyrie Irving,DAL,33.0,25.125,32.5
Kyrie Irving,DAL,42.0,25.8,33.5
Kyrie Irving,DAL,23.0,25.185,26.5
Tim Hardaway Jr.,DAL,18.0,19.0,18.5
Tim Hardaway Jr.,DAL,41.0,24.0,22.5
Josh Green,DAL,13.0,8.0,9.5
Dereck Lively II,DAL,20.0,9.087,8.5
Dereck Lively II,DAL,0.0,8.464,9.5
Dereck Lively II,DAL,6.0,8.548,7.5
Dereck Lively II,DAL,9.0,8.545,8.5
Dereck Lively II,DAL,20.0,9.0,8.5
Derrick Jones Jr.,DAL,19.0,9.96,10.5
Derrick Jones Jr.,DAL,23.0,10.214,10.5
Derrick Jones Jr.,DAL,5.0,10.03,10.5
Derrick Jones Jr.,DAL,11.0,10.167,10.5
Derrick Jones Jr.,DAL,9.0,10.135,12.5
Derrick Jones Jr.,DAL,5.0,10.3,8.5
Kentavious Caldwell-Pope,DEN,10.0,10.481,8.5
Kentavious Caldwell-Pope,DEN,3.0,10.214,8.5
Kentavious Caldwell-Pope,DEN,16.0,10.167,8.5
Kentavious Caldwell-Pope,DEN,12.0,10.226,9.5
Kentavious Caldwell-Pope,DEN,5.0,10.0,9.5
Kentavious Caldwell-Pope,DEN,8.0,9.941,9.5
Kentavious Caldwell-Pope,DEN,18.0,10.056,9.5
Kentavious Caldwell-Pope,DEN,12.0,10.108,9.5
Kentavious Caldwell-Pope,DEN,11.0,10.132,10.5
Kentavious Caldwell-Pope,DEN,11.0,10.154,10.5
Kentavious Caldwell-Pope,DEN,13.0,10.225,10.5
Kentavious Caldwell-Pope,DEN,5.0,10.098,9.5
Kentavious Caldwell-Pope,DEN,10.0,10.095,10.5
Kentavious Caldwell-Pope,DEN,14.0,10.186,9.5
Kentavious Caldwell-Pope,DEN,5.0,10.068,9.5
Kentavious Caldwell-Pope,DEN,8.0,10.022,10.5
Kentavious Caldwell-Pope,DEN,12.0,10.065,10.5
Aaron Gordon,DEN,12.0,13.28,13.5
Aaron Gordon,DEN,18.0,13.462,13.5
Aaron Gordon,DEN,16.0,13.571,14.5
Aaron Gordon,DEN,30.0,14.0,14.5
Aaron Gordon,DEN,8.0,13.875,15.5
Aaron Gordon,DEN,12.0,13.818,14.5
Aaron Gordon,DEN,15.0,13.853,13.5
Aaron Gordon,DEN,20.0,14.029,13.5
Aaron Gordon,DEN,16.0,14.083,14.5
Aaron Gordon,DEN,2.0,13.757,14.5
Aaron Gordon,DEN,11.0,13.684,15.5
Aaron Gordon,DEN,9.0,13.564,15.5
Aaron Gordon,DEN,12.0,13.525,12.5
Aaron Gordon,DEN,18.0,13.634,14.5
Aaron Gordon,DEN,8.0,13.5,14.5
Jamal Murray,DEN,20.0,18.4,19.5
Jamal Murray,DEN,32.0,19.25,20.5
Jamal Murray,DEN,28.0,19.778,21.5
Jamal Murray,DEN,23.0,19.947,23.5
Jamal Murray,DEN,9.0,19.4,22.5
Jamal Murray,DEN,25.0,19.667,22.5
Jamal Murray,DEN,25.0,19.909,21.5
Jamal Murray,DEN,37.0,20.625,21.5
Jamal Murray,DEN,17.0,20.48,23.5
Jamal Murray,DEN,20.0,20.462,23.5
Jamal Murray,DEN,25.0,20.63,23.5
Jamal Murray,DEN,35.0,21.0,22.5
Jamal Murray,DEN,19.0,20.933,24.5
Jamal Murray,DEN,31.0,21.258,24.5
Jamal Murray,DEN,9.0,20.875,24.5
Jamal Murray,DEN,23.0,20.939,23.5
Jamal Murray,DEN,35.0,21.353,24.5
Michael Porter Jr.,DEN,12.0,16.31,14.5
Michael Porter Jr.,DEN,15.0,16.267,14.5
Michael Porter Jr.,DEN,19.0,16.531,15.5
Michael Porter Jr.,DEN,8.0,16.273,17.5
Michael Porter Jr.,DEN,12.0,16.147,16.5
Michael Porter Jr.,DEN,22.0,16.314,16.5
Michael Porter Jr.,DEN,8.0,16.083,16.5
Michael Porter Jr.,DEN,18.0,16.289,16.5
Michael Porter Jr.,DEN,5.0,16.0,16.5
Michael Porter Jr.,DEN,20.0,16.1,14.5
Michael Porter Jr.,DEN,25.0,16.317,15.5
Michael Porter Jr.,DEN,13.0,16.326,15.5
Michael Porter Jr.,DEN,19.0,16.386,16.5
Michael Porter Jr.,DEN,5.0,16.133,16.5
Michael Porter Jr.,DEN,5.0,15.891,13.5
Michael Porter Jr.,DEN,20.0,15.979,15.5
Cade Cunningham,DET,28.0,22.429,24.5
Cade Cunningham,DET,22.0,22.414,23.5
Cade Cunningham,DET,41.0,23.033,22.5
Cade Cunningham,DET,31.0,23.29,23.5
Cade Cunningham,DET,30.0,23.5,25.5
Cade Cunningham,DET,6.0,22.97,25.5
Cade Cunningham,DET,31.0,23.206,23.5
Cade Cunningham,DET,30.0,23.4,25.5
Cade Cunningham,DET,3.0,22.833,24.5
Simone Fontecchio,UTA,9.0,11.538,9.5
Simone Fontecchio,UTA,9.0,11.538,9.5
Simone Fontecchio,UTA,9.0,10.745,9.5
Simone Fontecchio,UTA,9.0,10.745,9.5
Simone Fontecchio,UTA,16.0,12.824,11.5
Simone Fontecchio,UTA,16.0,12.824,11.5
Simone Fontecchio,UTA,16.0,11.235,11.5
Simone Fontecchio,UTA,16.0,11.235,11.5
Simone Fontecchio,UTA,7.0,12.5,9.5
Simone Fontecchio,UTA,7.0,12.5,9.5
Simone Fontecchio,UTA,7.0,11.154,9.5
Simone Fontecchio,UTA,7.0,11.154,9.5
Simone Fontecchio,UTA,7.0,12.211,9.5
Simone Fontecchio,UTA,7.0,12.211,9.5
Simone Fontecchio,UTA,7.0,11.075,9.5
Simone Fontecchio,UTA,7.0,11.075,9.5
Simone Fontecchio,UTA,3.0,11.429,8.5
Simone Fontecchio,UTA,3.0,11.429,8.5
Simone Fontecchio,UTA,3.0,10.818,8.5
Simone Fontecchio,UTA,3.0,10.818,8.5
Simone Fontecchio,UTA,13.0,11.5,8.5
Simone Fontecchio,UTA,13.0,11.5,8.5
Simone Fontecchio,UTA,13.0,10.857,8.5
Simone Fontecchio,UTA,13.0,10.857,8.5
Simone Fontecchio,UTA,0.0,11.0,8.5
Simone Fontecchio,UTA,0.0,11.0,8.5
Simone Fontecchio,UTA,0.0,10.667,8.5
Simone Fontecchio,UTA,0.0,10.667,8.5
Simone Fontecchio,UTA,10.0,10.885,8.5
Simone Fontecchio,UTA,10.0,10.885,8.5
Simone Fontecchio,UTA,10.0,10.633,8.5
Simone Fontecchio,UTA,10.0,10.633,8.5
Simone Fontecchio,UTA,18.0,11.148,8.5
Simone Fontecchio,UTA,18.0,11.148,8.5
Simone Fontecchio,UTA,18.0,10.754,8.5
Simone Fontecchio,UTA,18.0,10.754,8.5
Simone Fontecchio,UTA,10.0,11.107,10.5
Simone Fontecchio,UTA,10.0,11.107,10.5
Simone Fontecchio,UTA,10.0,10.742,10.5
Simone Fontecchio,UTA,10.0,10.742,10.5
Simone Fontecchio,UTA,5.0,10.897,9.5
Simone Fontecchio,UTA,5.0,10.897,9.5
Simone Fontecchio,UTA,5.0,10.651,9.5
Simone Fontecchio,UTA,5.0,10.651,9.5
Simone Fontecchio,UTA,5.0,10.7,7.5
Simone Fontecchio,UTA,5.0,10.7,7.5
Simone Fontecchio,UTA,5.0,10.562,7.5
Simone Fontecchio,UTA,5.0,10.562,7.5
Simone Fontecchio,UTA,14.0,10.806,7.5
Simone Fontecchio,UTA,14.0,10.806,7.5
Simone Fontecchio,UTA,14.0,10.615,7.5
Simone Fontecchio,UTA,14.0,10.615,7.5
Isaiah Stewart,DET,20.0,10.481,8.5
Isaiah Stewart,DET,12.0,10.774,9.5
Isaiah Stewart,DET,11.0,10.788,10.5
Isaiah Stewart,DET,11.0,10.794,9.5
Jalen Duren,DET,12.0,12.941,13.5
Jalen Duren,DET,17.0,13.167,12.5
Jalen Duren,DET,13.0,13.158,13.5
Jalen Duren,DET,20.0,13.5,12.5
Jalen Duren,DET,16.0,13.619,13.5
Jalen Duren,DET,15.0,14.0,14.5
Jalen Duren,DET,16.0,14.32,14.5
Jalen Duren,DET,8.0,14.077,15.5
Jalen Duren,DET,12.0,14.0,14.5
Jalen Duren,DET,14.0,14.0,14.5
Jalen Duren,DET,10.0,13.862,14.5
Jalen Duren,DET,22.0,14.133,13.5
Jaden Ivey,DET,11.0,15.357,13.5
Jaden Ivey,DET,22.0,15.412,15.5
Jaden Ivey,DET,18.0,15.737,18.5
Jaden Ivey,DET,32.0,16.905,17.5
Jaden Ivey,DET,18.0,16.955,20.5
Jaden Ivey,DET,17.0,16.957,20.5
Killian Hayes,DET,4.0,9.955,10.5
Killian Hayes,DET,8.0,9.231,
Killian Hayes,DET,2.0,8.963,6.5
Killian Hayes,DET,2.0,8.714,
Stephen Curry,GSW,33.0,28.24,28.5
Stephen Curry,GSW,30.0,28.308,29.5
Stephen Curry,GSW,18.0,27.893,28.5
Stephen Curry,GSW,13.0,27.379,27.5
Stephen Curry,GSW,25.0,27.3,28.5
Stephen Curry,GSW,36.0,27.581,28.5
Stephen Curry,GSW,30.0,27.656,27.5
Stephen Curry,GSW,9.0,27.059,30.5
Stephen Curry,GSW,15.0,26.714,28.5
Stephen Curry,GSW,27.0,26.722,27.5
Stephen Curry,GSW,26.0,26.703,26.5
Stephen Curry,GSW,25.0,26.658,28.5
Stephen Curry,GSW,33.0,26.821,27.5
Stephen Curry,GSW,46.0,27.3,27.5
Stephen Curry,GSW,37.0,27.537,27.5
Klay Thompson,GSW,24.0,17.115,19.5
Klay Thompson,GSW,20.0,17.222,21.5
Klay Thompson,GSW,9.0,17.31,20.5
Klay Thompson,GSW,13.0,17.167,18.5
Klay Thompson,GSW,3.0,16.71,17.5
Klay Thompson,GSW,15.0,16.656,15.5
Klay Thompson,GSW,24.0,16.879,15.5
Klay Thompson,GSW,25.0,17.171,18.5
Klay Thompson,GSW,13.0,17.056,18.5
Klay Thompson,GSW,30.0,17.405,18.5
Klay Thompson,GSW,21.0,17.5,19.5
Klay Thompson,GSW,9.0,17.282,18.5
Klay Thompson,GSW,24.0,17.45,19.5
Klay Thompson,GSW,16.0,17.415,19.5
Klay Thompson,GSW,24.0,17.571,18.5
Chris Paul,GSW,12.0,13.667,11.5
Chris Paul,GSW,9.0,13.2,10.5
Andrew Wiggins,GSW,7.0,11.708,13.5
Andrew Wiggins,GSW,17.0,12.074,12.5
Andrew Wiggins,GSW,22.0,12.429,14.5
Andrew Wiggins,GSW,23.0,12.793,13.5
Draymond Green,GSW,9.0,9.529,9.5
Brandin Podziemski,GSW,13.0,10.857,10.5
Jonathan Kuminga,GSW,13.0,15.125,12.5
Jonathan Kuminga,GSW,10.0,14.556,12.5
Jonathan Kuminga,GSW,19.0,15.091,12.5
Jonathan Kuminga,GSW,16.0,15.167,13.5
Jonathan Kuminga,GSW,26.0,15.647,19.5
Fred VanVleet,HOU,32.0,17.708,18.5
Fred VanVleet,HOU,10.0,17.4,20.5
Fred VanVleet,HOU,10.0,17.115,17.5
Fred VanVleet,HOU,18.0,17.148,19.5
Fred VanVleet,HOU,21.0,17.484,18.5
Fred VanVleet,HOU,7.0,17.156,18.5
Fred VanVleet,HOU,14.0,17.061,18.5
Fred VanVleet,HOU,32.0,17.5,16.5
Fred VanVleet,HOU,20.0,17.571,17.5
Fred VanVleet,HOU,20.0,17.639,19.5
Fred VanVleet,HOU,5.0,17.297,17.5
Fred VanVleet,HOU,8.0,17.053,17.5
Fred VanVleet,HOU,24.0,17.231,15.5
Fred VanVleet,HOU,18.0,17.25,17.5
Fred VanVleet,HOU,18.0,17.268,16.5
Fred VanVleet,HOU,14.0,17.19,16.5
Fred VanVleet,HOU,13.0,17.093,15.5
Fred VanVleet,HOU,3.0,16.773,14.5
Jabari Smith Jr.,HOU,34.0,13.2,13.5
Jabari Smith Jr.,HOU,21.0,13.5,14.5
Jabari Smith Jr.,HOU,26.0,13.963,14.5
Jabari Smith Jr.,HOU,10.0,13.821,17.5
Jabari Smith Jr.,HOU,7.0,13.29,13.5
Jabari Smith Jr.,HOU,16.0,13.375,12.5
Jabari Smith Jr.,HOU,14.0,13.394,13.5
Jabari Smith Jr.,HOU,10.0,13.294,13.5
Jabari Smith Jr.,HOU,18.0,13.429,13.5
Jabari Smith Jr.,HOU,19.0,13.583,15.5
Jabari Smith Jr.,HOU,9.0,13.459,13.5
Jabari Smith Jr.,HOU,13.0,13.447,13.5
Jabari Smith Jr.,HOU,11.0,13.385,13.5
Jabari Smith Jr.,HOU,24.0,13.65,13.5
Jabari Smith Jr.,HOU,18.0,13.756,12.5
Dillon Brooks,HOU,19.0,14.24,14.5
Dillon Brooks,HOU,10.0,14.077,13.5
Dillon Brooks,HOU,5.0,13.741,13.5
Dillon Brooks,HOU,9.0,13.571,11.5
Dillon Brooks,HOU,18.0,13.667,10.5
Dillon Brooks,HOU,11.0,13.581,11.5
Dillon Brooks,HOU,7.0,13.375,11.5
Dillon Brooks,HOU,14.0,13.735,11.5
Dillon Brooks,HOU,12.0,13.686,13.5
Dillon Brooks,HOU,19.0,13.833,13.5
Dillon Brooks,HOU,17.0,13.919,11.5
Jalen Green,HOU,16.0,17.44,17.5
Jalen Green,HOU,17.0,17.423,18.5
Jalen Green,HOU,9.0,17.111,17.5
Jalen Green,HOU,5.0,16.679,17.5
Jalen Green,HOU,14.0,17.406,19.5
Jalen Green,HOU,20.0,17.485,18.5
Jalen Green,HOU,16.0,17.441,19.5
Jalen Green,HOU,11.0,17.257,18.5
Jalen Green,HOU,18.0,17.278,17.5
Jalen Green,HOU,28.0,17.568,18.5
Jalen Green,HOU,10.0,17.368,19.5
Jalen Green,HOU,20.0,17.436,16.5
Jalen Green,HOU,15.0,17.375,17.5
Jalen Green,HOU,7.0,17.122,18.5
Jalen Green,HOU,29.0,17.372,16.5
Jalen Green,HOU,36.0,17.795,17.5
Jalen Green,HOU,19.0,17.822,17.5
Jalen Green,HOU,34.0,18.174,18.5
Pascal Siakam,TOR,18.0,21.037,21.5
Pascal Siakam,TOR,18.0,21.037,21.5
Pascal Siakam,TOR,18.0,21.684,21.5
Pascal Siakam,TOR,18.0,21.684,21.5
Pascal Siakam,TOR,31.0,21.393,21.5
Pascal Siakam,TOR,31.0,21.393,21.5
Pascal Siakam,TOR,31.0,21.8,21.5
Pascal Siakam,TOR,31.0,21.8,21.5
Pascal Siakam,TOR,19.0,21.31,22.5
Pascal Siakam,TOR,19.0,21.31,22.5
Pascal Siakam,TOR,19.0,21.765,22.5
Pascal Siakam,TOR,19.0,21.765,22.5
Pascal Siakam,TOR,22.0,21.333,25.5
Pascal Siakam,TOR,22.0,21.333,25.5
Pascal Siakam,TOR,22.0,21.768,25.5
Pascal Siakam,TOR,22.0,21.768,25.5
Pascal Siakam,TOR,36.0,22.364,23.5
Pascal Siakam,TOR,36.0,22.364,23.5
Pascal Siakam,TOR,36.0,22.153,23.5
Pascal Siakam,TOR,36.0,22.153,23.5
Pascal Siakam,TOR,24.0,22.412,23.5
Pascal Siakam,TOR,24.0,22.412,23.5
Pascal Siakam,TOR,24.0,22.174,23.5
Pascal Siakam,TOR,24.0,22.174,23.5
Pascal Siakam,TOR,18.0,22.286,24.5
Pascal Siakam,TOR,18.0,22.286,24.5
Pascal Siakam,TOR,18.0,22.126,24.5
Pascal Siakam,TOR,18.0,22.126,24.5
Pascal Siakam,TOR,16.0,22.111,22.5
Pascal Siakam,TOR,16.0,22.111,22.5
Pascal Siakam,TOR,16.0,22.057,22.5
Pascal Siakam,TOR,16.0,22.057,22.5
Pascal Siakam,TOR,25.0,22.189,21.5
Pascal Siakam,TOR,25.0,22.189,21.5
Pascal Siakam,TOR,25.0,22.09,21.5
Pascal Siakam,TOR,25.0,22.09,21.5
Pascal Siakam,TOR,17.0,22.179,21.5
Pascal Siakam,TOR,17.0,22.179,21.5
Pascal Siakam,TOR,17.0,22.088,21.5
Pascal Siakam,TOR,17.0,22.088,21.5
Pascal Siakam,IND,26.0,21.93,20.5
Pascal Siakam,IND,26.0,21.93,20.5
Pascal Siakam,IND,26.0,21.979,20.5
Pascal Siakam,IND,26.0,21.979,20.5
Pascal Siakam,IND,31.0,22.136,20.5
Pascal Siakam,IND,31.0,22.136,20.5
Pascal Siakam,IND,31.0,22.073,20.5
Pascal Siakam,IND,31.0,22.073,20.5
Pascal Siakam,IND,19.0,22.067,22.5
Pascal Siakam,IND,19.0,22.067,22.5
Pascal Siakam,IND,19.0,22.041,22.5
Pascal Siakam,IND,19.0,22.041,22.5
Pascal Siakam,IND,23.0,22.087,18.5
Pascal Siakam,IND,23.0,22.087,18.5
Pascal Siakam,IND,23.0,22.051,18.5
Pascal Siakam,IND,23.0,22.051,18.5
Tyrese Haliburton,IND,19.0,24.652,24.5
Tyrese Haliburton,IND,17.0,24.333,24.5
Tyrese Haliburton,IND,29.0,24.52,24.5
Tyrese Haliburton,IND,33.0,24.846,24.5
Tyrese Haliburton,IND,21.0,24.704,26.5
Tyrese Haliburton,IND,22.0,24.607,25.5
Tyrese Haliburton,IND,26.0,24.655,25.5
Tyrese Haliburton,IND,31.0,24.867,25.5
Tyrese Haliburton,IND,10.0,24.387,27.5
Tyrese Haliburton,IND,17.0,24.156,24.5
Tyrese Haliburton,IND,7.0,23.636,23.5
Tyrese Haliburton,IND,13.0,23.257,20.5
Bruce Brown,IND,6.0,11.885,11.5
Bruce Brown,IND,17.0,11.897,11.5
Bruce Brown,IND,16.0,11.871,11.5
Bruce Brown,IND,12.0,11.875,13.5
Bruce Brown,IND,18.0,12.061,10.5
Bruce Brown,TOR,19.0,12.139,12.5
Myles Turner,IND,18.0,16.92,16.5
Myles Turner,IND,18.0,17.143,15.5
Myles Turner,IND,24.0,17.379,16.5
Myles Turner,IND,28.0,17.733,17.5
Myles Turner,IND,13.0,17.581,20.5
Myles Turner,IND,15.0,17.5,18.5
Myles Turner,IND,27.0,17.788,19.5
Myles Turner,IND,12.0,17.618,17.5
Myles Turner,IND,16.0,17.571,16.5
Myles Turner,IND,18.0,17.583,18.5
Myles Turner,IND,12.0,17.432,19.5
Myles Turner,IND,12.0,17.289,16.5
Myles Turner,IND,12.0,17.154,17.5
Myles Turner,IND,22.0,17.442,15.5
Myles Turner,IND,20.0,17.5,16.5
Myles Turner,IND,5.0,17.222,16.5
Myles Turner,IND,17.0,17.217,14.5
Aaron Nesmith,IND,9.0,12.833,11.5
Aaron Nesmith,IND,15.0,13.143,11.5
Aaron Nesmith,IND,10.0,12.7,13.5
Aaron Nesmith,IND,13.0,12.727,12.5
Aaron Nesmith,IND,16.0,12.467,11.5
Aaron Nesmith,IND,22.0,13.062,11.5
Aaron Nesmith,IND,16.0,13.235,12.5
Aaron Nesmith,IND,26.0,13.944,12.5
Buddy Hield,IND,25.0,14.5,14.5
Buddy Hield,IND,25.0,14.5,14.5
Buddy Hield,IND,25.0,13.886,14.5
Buddy Hield,IND,25.0,13.886,14.5
Buddy Hield,IND,2.0,13.88,12.5
Buddy Hield,IND,2.0,13.88,12.5
Buddy Hield,IND,2.0,13.727,12.5
Buddy Hield,IND,2.0,13.727,12.5
Obi Toppin,IND,6.0,11.72,10.5
James Harden,LAC,22.0,17.714,16.5
James Harden,LAC,8.0,17.379,17.5
James Harden,LAC,15.0,17.3,17.5
James Harden,LAC,14.0,17.25,16.5
James Harden,LAC,11.0,17.061,15.5
James Harden,LAC,14.0,16.971,14.5
James Harden,LAC,16.0,16.943,16.5
James Harden,LAC,24.0,17.139,16.5
James Harden,LAC,23.0,17.297,17.5
James Harden,LAC,22.0,17.421,18.5
James Harden,LAC,9.0,17.205,19.5
James Harden,LAC,11.0,17.05,18.5
Kawhi Leonard,LAC,30.0,24.37,28.5
Kawhi Leonard,LAC,30.0,24.552,24.5
Kawhi Leonard,LAC,19.0,24.367,26.5
Kawhi Leonard,LAC,15.0,24.065,26.5
Kawhi Leonard,LAC,29.0,24.0,23.5
Kawhi Leonard,LAC,22.0,23.941,23.5
Kawhi Leonard,LAC,26.0,24.0,23.5
Kawhi Leonard,LAC,16.0,23.778,25.5
Kawhi Leonard,LAC,21.0,23.703,24.5
Kawhi Leonard,LAC,25.0,23.737,24.5
Kawhi Leonard,LAC,16.0,23.538,24.5
Kawhi Leonard,LAC,26.0,23.6,26.5
Kawhi Leonard,LAC,30.0,23.756,24.5
Paul George,LAC,33.0,23.194,22.5
Paul George,LAC,24.0,23.219,23.5
Paul George,LAC,22.0,23.182,23.5
Paul George,LAC,29.0,23.4,23.5
Paul George,LAC,37.0,23.778,22.5
Paul George,LAC,16.0,23.568,23.5
Paul George,LAC,38.0,23.947,24.5
Paul George,LAC,12.0,23.641,24.5
Paul George,LAC,17.0,23.475,24.5
Paul George,LAC,21.0,23.415,22.5
Ivica Zubac,LAC,12.0,12.185,12.5
Ivica Zubac,LAC,18.0,12.3,12.5
Ivica Zubac,LAC,6.0,12.0,10.5
Ivica Zubac,LAC,15.0,12.088,9.5
Ivica Zubac,LAC,22.0,12.371,10.5
Ivica Zubac,LAC,12.0,12.541,13.5
Ivica Zubac,LAC,6.0,12.368,11.5
Terance Mann,LAC,8.0,7.292,7.5
Terance Mann,LAC,6.0,7.24,7.5
Terance Mann,LAC,13.0,7.704,7.5
Terance Mann,LAC,7.0,7.679,8.5
Terance Mann,LAC,2.0,7.483,7.5
Terance Mann,LAC,13.0,7.645,7.5
Terance Mann,LAC,17.0,7.938,7.5
Terance Mann,LAC,6.0,7.879,8.5
Terance Mann,LAC,14.0,8.059,7.5
Terance Mann,LAC,5.0,7.971,8.5
Anthony Davis,LAL,19.0,24.038,28.5
Anthony Davis,LAL,26.0,24.357,28.5
Anthony Davis,LAL,40.0,24.897,27.5
Anthony Davis,LAL,26.0,24.933,28.5
Anthony Davis,LAL,33.0,25.194,27.5
Anthony Davis,LAL,29.0,25.152,29.5
Anthony Davis,LAL,31.0,25.324,28.5
Anthony Davis,LAL,22.0,25.229,28.5
Anthony Davis,LAL,41.0,25.667,28.5
Anthony Davis,LAL,13.0,25.324,28.5
Anthony Davis,LAL,15.0,25.053,27.5
Anthony Davis,LAL,27.0,25.103,28.5
Anthony Davis,LAL,28.0,25.175,27.5
Anthony Davis,LAL,26.0,25.195,26.5
Anthony Davis,LAL,14.0,24.929,26.5
Anthony Davis,LAL,26.0,24.953,27.5
Anthony Davis,LAL,22.0,24.886,26.5
Anthony Davis,LAL,29.0,24.978,25.5
Anthony Davis,LAL,23.0,24.935,24.5
LeBron James,LAL,25.0,25.192,25.5
LeBron James,LAL,40.0,25.741,26.5
LeBron James,LAL,16.0,25.393,27.5
LeBron James,LAL,17.0,25.103,27.5
LeBron James,LAL,26.0,25.133,25.5
LeBron James,LAL,12.0,25.0,27.5
LeBron James,LAL,32.0,25.212,26.5
LeBron James,LAL,25.0,25.206,27.5
LeBron James,LAL,22.0,25.114,27.5
LeBron James,LAL,10.0,24.694,26.5
LeBron James,LAL,25.0,24.703,26.5
LeBron James,LAL,25.0,24.711,25.5
LeBron James,LAL,24.0,24.692,24.5
LeBron James,LAL,25.0,24.78,25.5
LeBron James,LAL,36.0,25.048,24.5
LeBron James,LAL,23.0,25.0,24.5
D'Angelo Russell,LAL,20.0,16.594,17.5
D'Angelo Russell,LAL,27.0,17.412,19.5
D'Angelo Russell,LAL,28.0,18.028,18.5
D'Angelo Russell,LAL,23.0,18.162,17.5
Austin Reaves,LAL,11.0,14.538,16.5
Austin Reaves,LAL,13.0,14.429,15.5
Austin Reaves,LAL,15.0,14.75,16.5
Austin Reaves,LAL,9.0,14.389,15.5
Austin Reaves,LAL,12.0,14.3,16.5
Austin Reaves,LAL,17.0,14.682,14.5
Austin Reaves,LAL,8.0,14.391,14.5
Taurean Prince,LAL,17.0,10.172,9.5
Taurean Prince,LAL,10.0,9.765,10.5
Taurean Prince,LAL,13.0,9.857,9.5
Taurean Prince,LAL,11.0,9.889,9.5
Taurean Prince,LAL,11.0,9.919,10.5
Taurean Prince,LAL,12.0,9.974,10.5
Taurean Prince,LAL,3.0,9.795,10.5
Taurean Prince,LAL,9.0,9.775,9.5
Taurean Prince,LAL,10.0,9.78,8.5
Taurean Prince,LAL,11.0,9.81,10.5
Taurean Prince,LAL,0.0,9.682,9.5
Taurean Prince,LAL,5.0,9.578,8.5
Cam Reddish,LAL,5.0,8.316,8.5
Cam Reddish,LAL,13.0,7.917,6.5
Cam Reddish,LAL,0.0,7.6,6.5
Ja Morant,MEM,34.0,34.0,23.5
Ja Morant,MEM,20.0,27.0,28.5
Ja Morant,MEM,30.0,28.0,27.5
Ja Morant,MEM,31.0,28.75,28.5
Ja Morant,MEM,17.0,25.167,27.5
Ja Morant,MEM,26.0,25.286,26.5
Ja Morant,MEM,28.0,25.625,25.5
Ja Morant,MEM,21.0,25.111,26.5
Desmond Bane,MEM,31.0,24.692,24.5
Desmond Bane,MEM,37.0,25.148,26.5
Desmond Bane,MEM,27.0,25.214,25.5
Desmond Bane,MEM,17.0,24.645,24.5
Desmond Bane,MEM,24.0,24.625,23.5
Desmond Bane,MEM,24.0,24.529,22.5
Desmond Bane,MEM,32.0,24.694,27.5
Desmond Bane,MEM,15.0,24.432,27.5
Jaren Jackson Jr.,MEM,21.0,21.481,22.5
Jaren Jackson Jr.,MEM,20.0,21.429,21.5
Jaren Jackson Jr.,MEM,19.0,21.345,18.5
Jaren Jackson Jr.,MEM,18.0,21.031,19.5
Jaren Jackson Jr.,MEM,10.0,20.697,19.5
Jaren Jackson Jr.,MEM,31.0,21.086,18.5
Jaren Jackson Jr.,MEM,21.0,21.27,23.5
Jaren Jackson Jr.,MEM,36.0,21.564,23.5
Jaren Jackson Jr.,MEM,26.0,21.675,26.5
Jaren Jackson Jr.,MEM,27.0,21.805,26.5
Jaren Jackson Jr.,MEM,15.0,21.643,25.5
Jaren Jackson Jr.,MEM,30.0,21.837,26.5
Jaren Jackson Jr.,MEM,25.0,21.909,31.5
Jaren Jackson Jr.,MEM,22.0,21.911,27.5
Marcus Smart,MEM,12.0,13.4,11.5
Marcus Smart,MEM,5.0,12.875,13.5
Marcus Smart,MEM,29.0,13.389,11.5
Vince Williams Jr.,MEM,5.0,7.0,7.5
Vince Williams Jr.,MEM,10.0,9.167,12.5
Vince Williams Jr.,MEM,14.0,9.538,11.5
Vince Williams Jr.,MEM,18.0,10.143,12.5
Vince Williams Jr.,MEM,25.0,11.133,12.5
Vince Williams Jr.,MEM,11.0,11.125,13.5
Vince Williams Jr.,MEM,20.0,11.647,14.5
Santi Aldama,MEM,16.0,13.2,12.5
Luke Kennard,MEM,18.0,12.833,12.5
Luke Kennard,MEM,14.0,13.0,13.5
Luke Kennard,MEM,19.0,13.75,14.5
Luke Kennard,MEM,15.0,13.889,14.5
Bismack Biyombo,MEM,8.0,6.45,
Bam Adebayo,MIA,18.0,22.0,21.5
Bam Adebayo,MIA,18.0,21.789,22.5
Bam Adebayo,MIA,26.0,22.0,22.5
Bam Adebayo,MIA,17.0,21.762,22.5
Bam Adebayo,MIA,21.0,22.0,22.5
Bam Adebayo,MIA,15.0,21.708,22.5
Bam Adebayo,MIA,28.0,21.96,21.5
Bam Adebayo,MIA,22.0,21.962,23.5
Bam Adebayo,MIA,25.0,22.074,22.5
Bam Adebayo,MIA,16.0,21.548,22.5
Bam Adebayo,MIA,21.0,21.531,22.5
Bam Adebayo,MIA,22.0,21.545,20.5
Bam Adebayo,MIA,15.0,21.353,20.5
Bam Adebayo,MIA,19.0,21.286,19.5
Bam Adebayo,MIA,12.0,21.028,20.5
Bam Adebayo,MIA,8.0,20.676,19.5
Jimmy Butler,MIA,16.0,21.154,22.5
Jimmy Butler,MIA,25.0,21.296,23.5
Jimmy Butler,MIA,15.0,21.071,20.5
Jimmy Butler,MIA,28.0,20.968,17.5
Jimmy Butler,MIA,26.0,21.125,20.5
Tyler Herro,MIA,28.0,23.6,21.5
Tyler Herro,MIA,30.0,24.182,24.5
Tyler Herro,MIA,22.0,24.0,22.5
Tyler Herro,MIA,26.0,24.154,24.5
Tyler Herro,MIA,12.0,23.4,23.5
Tyler Herro,MIA,21.0,23.25,23.5
Tyler Herro,MIA,9.0,22.412,23.5
Tyler Herro,MIA,28.0,22.722,22.5
Tyler Herro,MIA,17.0,22.421,23.5
Tyler Herro,MIA,16.0,22.364,22.5
Tyler Herro,MIA,25.0,22.478,22.5
Tyler Herro,MIA,12.0,22.042,21.5
Tyler Herro,MIA,18.0,21.88,20.5
Tyler Herro,MIA,18.0,21.63,18.5
Tyler Herro,MIA,17.0,21.464,19.5
Jaime Jaquez Jr.,MIA,15.0,15.444,16.5
Jaime Jaquez Jr.,MIA,16.0,15.5,16.5
Jaime Jaquez Jr.,MIA,10.0,15.0,15.5
Jaime Jaquez Jr.,MIA,14.0,14.917,15.5
Jaime Jaquez Jr.,MIA,21.0,15.385,15.5
Kyle Lowry,MIA,3.0,9.538,8.5
Kyle Lowry,MIA,3.0,9.296,8.5
Kyle Lowry,MIA,12.0,9.393,6.5
Kyle Lowry,MIA,10.0,9.367,8.5
Kyle Lowry,MIA,6.0,9.156,7.5
Kyle Lowry,MIA,4.0,8.543,6.5
Caleb Martin,MIA,1.0,12.1,9.5
Damian Lillard,MIL,40.0,26.32,26.5
Damian Lillard,MIL,19.0,25.963,25.5
Damian Lillard,MIL,32.0,26.179,24.5
Damian Lillard,MIL,31.0,25.867,23.5
Damian Lillard,MIL,13.0,25.452,25.5
Damian Lillard,MIL,23.0,25.375,26.5
Damian Lillard,MIL,18.0,25.147,25.5
Damian Lillard,MIL,21.0,25.029,24.5
Damian Lillard,MIL,27.0,25.083,25.5
Damian Lillard,MIL,29.0,25.189,26.5
Damian Lillard,MIL,17.0,24.974,23.5
Damian Lillard,MIL,45.0,25.487,24.5
Damian Lillard,MIL,17.0,25.275,26.5
Damian Lillard,MIL,28.0,25.341,25.5
Damian Lillard,MIL,22.0,25.262,25.5
Damian Lillard,MIL,26.0,25.279,29.5
Damian Lillard,MIL,18.0,25.114,25.5
Giannis Antetokounmpo,MIL,11.0,30.615,32.5
Giannis Antetokounmpo,MIL,37.0,30.852,31.5
Giannis Antetokounmpo,MIL,28.0,30.75,31.5
Giannis Antetokounmpo,MIL,32.0,30.793,31.5
Giannis Antetokounmpo,MIL,32.0,30.833,31.5
Giannis Antetokounmpo,MIL,34.0,30.935,31.5
Giannis Antetokounmpo,MIL,30.0,30.906,35.5
Giannis Antetokounmpo,MIL,26.0,30.758,36.5
Giannis Antetokounmpo,MIL,44.0,31.147,34.5
Giannis Antetokounmpo,MIL,48.0,31.629,31.5
Giannis Antetokounmpo,MIL,25.0,31.444,35.5
Giannis Antetokounmpo,MIL,24.0,31.243,32.5
Giannis Antetokounmpo,MIL,33.0,31.289,33.5
Giannis Antetokounmpo,MIL,27.0,31.179,34.5
Giannis Antetokounmpo,MIL,31.0,31.175,32.5
Giannis Antetokounmpo,MIL,31.0,31.171,32.5
Giannis Antetokounmpo,MIL,35.0,31.262,32.5
Giannis Antetokounmpo,MIL,22.0,31.047,31.5
Giannis Antetokounmpo,MIL,30.0,31.023,33.5
Giannis Antetokounmpo,MIL,29.0,30.978,31.5
Brook Lopez,MIL,14.0,13.259,12.5
Brook Lopez,MIL,5.0,13.0,13.5
Brook Lopez,MIL,14.0,13.033,12.5
Brook Lopez,MIL,9.0,12.562,12.5
Brook Lopez,MIL,21.0,12.818,12.5
Brook Lopez,MIL,16.0,12.912,13.5
Brook Lopez,MIL,7.0,12.639,12.5
Brook Lopez,MIL,13.0,12.649,15.5
Brook Lopez,MIL,15.0,12.711,12.5
Brook Lopez,MIL,11.0,12.667,13.5
Brook Lopez,MIL,17.0,12.775,13.5
Brook Lopez,MIL,11.0,12.732,12.5
Brook Lopez,MIL,19.0,12.881,12.5
Brook Lopez,MIL,15.0,12.93,13.5
Brook Lopez,MIL,8.0,12.818,12.5
Brook Lopez,MIL,11.0,12.778,12.5
Brook Lopez,MIL,24.0,13.022,13.5
Brook Lopez,MIL,19.0,13.149,11.5
Malik Beasley,MIL,19.0,11.889,8.5
Malik Beasley,MIL,0.0,11.464,10.5
Malik Beasley,MIL,15.0,11.767,8.5
Malik Beasley,MIL,12.0,11.774,11.5
Malik Beasley,MIL,8.0,11.656,11.5
Malik Beasley,MIL,3.0,11.353,9.5
Malik Beasley,MIL,16.0,11.639,8.5
Malik Beasley,MIL,11.0,11.622,10.5
Malik Beasley,MIL,23.0,11.921,11.5
Malik Beasley,MIL,2.0,11.667,10.5
Malik Beasley,MIL,11.0,11.65,10.5
Malik Beasley,MIL,13.0,11.683,10.5
Malik Beasley,MIL,9.0,11.619,10.5
Malik Beasley,MIL,3.0,11.419,9.5
Malik Beasley,MIL,8.0,11.341,10.5
Malik Beasley,MIL,5.0,11.2,8.5
Khris Middleton,MIL,17.0,13.045,15.5
Khris Middleton,MIL,20.0,13.375,14.5
Khris Middleton,MIL,24.0,13.8,16.5
Khris Middleton,MIL,13.0,14.259,17.5
Khris Middleton,MIL,21.0,14.5,18.5
Khris Middleton,MIL,19.0,14.655,18.5
Khris Middleton,MIL,10.0,14.419,15.5
Khris Middleton,MIL,23.0,14.688,19.5
Khris Middleton,MIL,5.0,14.394,15.5
Khris Middleton,MIL,24.0,14.676,16.5
Khris Middleton,MIL,2.0,14.314,16.5
Khris Middleton,MIL,17.0,14.389,15.5
Khris Middleton,MIL,26.0,14.703,17.5
Khris Middleton,MIL,24.0,14.947,15.5
Khris Middleton,MIL,14.0,14.923,17.5
Khris Middleton,MIL,14.0,14.9,16.5
Anthony Edwards,MIN,27.0,24.696,26.5
Anthony Edwards,MIN,27.0,24.792,26.5
Anthony Edwards,MIN,34.0,25.16,29.5
Anthony Edwards,MIN,25.0,25.154,28.5
Anthony Edwards,MIN,31.0,26.036,28.5
Anthony Edwards,MIN,35.0,26.345,29.5
Anthony Edwards,MIN,35.0,26.633,28.5
Anthony Edwards,MIN,24.0,26.548,29.5
Anthony Edwards,MIN,36.0,26.844,30.5
Anthony Edwards,MIN,6.0,26.212,30.5
Anthony Edwards,MIN,29.0,26.294,27.5
Anthony Edwards,MIN,9.0,25.8,30.5
Anthony Edwards,MIN,33.0,26.0,27.5
Anthony Edwards,MIN,27.0,26.027,27.5
Anthony Edwards,MIN,28.0,26.079,25.5
Anthony Edwards,MIN,19.0,25.897,27.5
Anthony Edwards,MIN,9.0,25.475,26.5
Anthony Edwards,MIN,38.0,25.78,
Anthony Edwards,MIN,32.0,25.884,28.5
Anthony Edwards,MIN,27.0,25.909,27.5
Rudy Gobert,MIN,8.0,12.385,11.5
Rudy Gobert,MIN,21.0,12.786,14.5
Rudy Gobert,MIN,10.0,12.844,13.5
Rudy Gobert,MIN,5.0,12.606,13.5
Rudy Gobert,MIN,13.0,12.618,12.5
Rudy Gobert,MIN,9.0,12.514,13.5
Rudy Gobert,MIN,21.0,12.75,12.5
Rudy Gobert,MIN,24.0,13.054,13.5
Rudy Gobert,MIN,17.0,13.35,14.5
Rudy Gobert,MIN,7.0,13.195,15.5
Rudy Gobert,MIN,13.0,13.19,14.5
Rudy Gobert,MIN,19.0,13.326,
Rudy Gobert,MIN,10.0,13.25,14.5
Rudy Gobert,MIN,19.0,13.378,13.5
Rudy Gobert,MIN,12.0,13.348,14.5
Karl-Anthony Towns,MIN,23.0,22.231,19.5
Karl-Anthony Towns,MIN,21.0,22.185,21.5
Karl-Anthony Towns,MIN,16.0,21.964,21.5
Karl-Anthony Towns,MIN,10.0,21.552,21.5
Karl-Anthony Towns,MIN,9.0,21.133,20.5
Karl-Anthony Towns,MIN,29.0,21.387,19.5
Karl-Anthony Towns,MIN,22.0,21.406,21.5
Karl-Anthony Towns,MIN,22.0,21.424,21.5
Karl-Anthony Towns,MIN,24.0,21.5,22.5
Karl-Anthony Towns,MIN,28.0,21.686,21.5
Karl-Anthony Towns,MIN,14.0,21.625,21.5
Karl-Anthony Towns,MIN,19.0,21.561,21.5
Karl-Anthony Towns,MIN,62.0,22.524,21.5
Karl-Anthony Towns,MIN,27.0,22.628,23.5
Karl-Anthony Towns,MIN,27.0,22.727,24.5
Karl-Anthony Towns,MIN,19.0,22.644,25.5
Karl-Anthony Towns,MIN,21.0,22.609,23.5
Mike Conley,MIN,9.0,11.269,11.5
Mike Conley,MIN,12.0,11.464,13.5
Mike Conley,MIN,17.0,11.655,10.5
Mike Conley,MIN,5.0,11.5,12.5
Mike Conley,MIN,7.0,11.364,11.5
Mike Conley,MIN,8.0,11.265,10.5
Mike Conley,MIN,9.0,11.2,10.5
Mike Conley,MIN,11.0,11.194,10.5
Mike Conley,MIN,3.0,10.878,9.5
Mike Conley,MIN,10.0,10.857,9.5
Jaden McDaniels,MIN,20.0,10.941,13.5
Jaden McDaniels,MIN,8.0,10.476,11.5
Jaden McDaniels,MIN,11.0,10.5,11.5
Jaden McDaniels,MIN,16.0,10.739,10.5
Jaden McDaniels,MIN,2.0,10.375,11.5
Jaden McDaniels,MIN,15.0,10.56,11.5
Jaden McDaniels,MIN,11.0,10.867,11.5
Jaden McDaniels,MIN,15.0,11.0,12.5
Jaden McDaniels,MIN,9.0,10.938,12.5
Jaden McDaniels,MIN,13.0,11.0,11.5
Jaden McDaniels,MIN,7.0,10.829,11.5
Jaden McDaniels,MIN,14.0,10.917,10.5
Brandon Ingram,NOP,34.0,23.52,22.5
Brandon Ingram,NOP,24.0,23.143,22.5
Brandon Ingram,NOP,26.0,23.241,23.5
Brandon Ingram,NOP,26.0,23.333,22.5
Brandon Ingram,NOP,12.0,22.968,24.5
Brandon Ingram,NOP,12.0,22.515,22.5
Brandon Ingram,NOP,15.0,22.294,23.5
Brandon Ingram,NOP,13.0,22.029,22.5
Brandon Ingram,NOP,12.0,21.405,18.5
Brandon Ingram,NOP,28.0,21.579,17.5
Brandon Ingram,NOP,17.0,21.462,19.5
Brandon Ingram,NOP,18.0,21.375,20.5
Brandon Ingram,NOP,12.0,21.146,19.5
Brandon Ingram,NOP,26.0,21.262,21.5
Brandon Ingram,NOP,28.0,21.419,19.5
CJ McCollum,NOP,18.0,20.4,18.5
CJ McCollum,NOP,16.0,19.611,17.5
CJ McCollum,NOP,22.0,19.737,17.5
CJ McCollum,NOP,22.0,19.85,18.5
CJ McCollum,NOP,16.0,19.667,18.5
CJ McCollum,NOP,12.0,19.522,19.5
CJ McCollum,NOP,30.0,19.958,20.5
CJ McCollum,NOP,14.0,19.72,21.5
CJ McCollum,NOP,23.0,19.556,17.5
CJ McCollum,NOP,22.0,19.643,17.5
CJ McCollum,NOP,13.0,19.414,18.5
CJ McCollum,NOP,33.0,19.867,17.5
CJ McCollum,NOP,12.0,19.613,17.5
CJ McCollum,NOP,7.0,19.219,17.5
CJ McCollum,NOP,16.0,19.121,16.5
Zion Williamson,NOP,13.0,22.043,22.5
Zion Williamson,NOP,23.0,22.32,22.5
Zion Williamson,NOP,21.0,22.269,23.5
Zion Williamson,NOP,26.0,22.407,22.5
Zion Williamson,NOP,10.0,21.964,22.5
Zion Williamson,NOP,12.0,21.8,22.5
Zion Williamson,NOP,30.0,22.212,23.5
Zion Williamson,NOP,13.0,21.941,21.5
Zion Williamson,NOP,24.0,22.0,23.5
Zion Williamson,NOP,17.0,21.861,24.5
Zion Williamson,NOP,23.0,21.892,21.5
Zion Williamson,NOP,26.0,22.0,20.5
Herbert Jones,NOP,7.0,11.16,9.5
Herbert Jones,NOP,4.0,10.571,8.5
Herbert Jones,NOP,6.0,10.414,8.5
Herbert Jones,NOP,9.0,10.727,9.5
Herbert Jones,NOP,9.0,10.676,10.5
Herbert Jones,NOP,12.0,10.714,10.5
Herbert Jones,NOP,10.0,10.737,9.5
Herbert Jones,NOP,9.0,10.692,8.5
Herbert Jones,NOP,9.0,10.65,9.5
Herbert Jones,NOP,22.0,10.927,9.5
Herbert Jones,NOP,14.0,11.0,9.5
Herbert Jones,NOP,9.0,10.953,9.5
Herbert Jones,NOP,9.0,10.909,9.5
Jalen Brunson,NYK,16.0,25.259,25.5
Jalen Brunson,NYK,36.0,25.643,24.5
Jalen Brunson,NYK,38.0,26.069,26.5
Jalen Brunson,NYK,24.0,26.0,26.5
Jalen Brunson,NYK,20.0,25.806,26.5
Jalen Brunson,NYK,16.0,25.576,26.5
Jalen Brunson,NYK,31.0,25.735,25.5
Jalen Brunson,NYK,29.0,25.829,26.5
Jalen Brunson,NYK,33.0,26.028,26.5
Jalen Brunson,NYK,12.0,25.649,27.5
Jalen Brunson,NYK,30.0,25.763,26.5
Jalen Brunson,NYK,30.0,25.872,26.5
Jalen Brunson,NYK,41.0,26.25,28.5
Jalen Brunson,NYK,38.0,26.537,28.5
Jalen Brunson,NYK,30.0,26.619,28.5
Jalen Brunson,NYK,21.0,26.488,28.5
Jalen Brunson,NYK,32.0,26.614,27.5
Jalen Brunson,NYK,32.0,26.733,31.5
Jalen Brunson,NYK,29.0,26.783,32.5
OG Anunoby,TOR,9.0,14.739,13.5
OG Anunoby,TOR,9.0,14.739,13.5
OG Anunoby,TOR,9.0,15.094,13.5
OG Anunoby,TOR,9.0,15.094,13.5
OG Anunoby,TOR,12.0,14.625,12.5
OG Anunoby,TOR,12.0,14.625,12.5
OG Anunoby,TOR,12.0,15.046,12.5
OG Anunoby,TOR,12.0,15.046,12.5
OG Anunoby,TOR,19.0,14.8,13.5
OG Anunoby,TOR,19.0,14.8,13.5
OG Anunoby,TOR,19.0,15.106,13.5
OG Anunoby,TOR,19.0,15.106,13.5
OG Anunoby,TOR,26.0,15.231,14.5
OG Anunoby,TOR,26.0,15.231,14.5
OG Anunoby,TOR,26.0,15.269,14.5
OG Anunoby,TOR,26.0,15.269,14.5
OG Anunoby,NYK,11.0,15.034,14.5
OG Anunoby,NYK,11.0,15.034,14.5
OG Anunoby,NYK,11.0,15.186,14.5
OG Anunoby,NYK,11.0,15.186,14.5
OG Anunoby,NYK,11.0,14.9,13.5
OG Anunoby,NYK,11.0,14.9,13.5
OG Anunoby,NYK,11.0,15.127,13.5
OG Anunoby,NYK,11.0,15.127,13.5
OG Anunoby,NYK,9.0,14.71,14.5
OG Anunoby,NYK,9.0,14.71,14.5
OG Anunoby,NYK,9.0,15.042,14.5
OG Anunoby,NYK,9.0,15.042,14.5
OG Anunoby,NYK,23.0,14.969,13.5
OG Anunoby,NYK,23.0,14.969,13.5
OG Anunoby,NYK,23.0,15.151,13.5
OG Anunoby,NYK,23.0,15.151,13.5
OG Anunoby,NYK,10.0,14.818,13.5
OG Anunoby,NYK,10.0,14.818,13.5
OG Anunoby,NYK,10.0,15.081,13.5
OG Anunoby,NYK,10.0,15.081,13.5
OG Anunoby,NYK,18.0,14.912,14.5
OG Anunoby,NYK,18.0,14.912,14.5
OG Anunoby,NYK,18.0,15.12,14.5
OG Anunoby,NYK,18.0,15.12,14.5
OG Anunoby,NYK,14.0,15.053,15.5
OG Anunoby,NYK,14.0,15.053,15.5
OG Anunoby,NYK,14.0,15.177,15.5
OG Anunoby,NYK,14.0,15.177,15.5
OG Anunoby,NYK,10.0,14.923,14.5
OG Anunoby,NYK,10.0,14.923,14.5
OG Anunoby,NYK,10.0,15.112,14.5
OG Anunoby,NYK,10.0,15.112,14.5
OG Anunoby,NYK,26.0,15.2,14.5
OG Anunoby,NYK,26.0,15.2,14.5
OG Anunoby,NYK,26.0,15.247,14.5
OG Anunoby,NYK,26.0,15.247,14.5
OG Anunoby,NYK,19.0,15.293,14.5
OG Anunoby,NYK,19.0,15.293,14.5
OG Anunoby,NYK,19.0,15.293,14.5
OG Anunoby,NYK,19.0,15.293,14.5
Julius Randle,NYK,26.0,22.704,24.5
Julius Randle,NYK,26.0,22.821,24.5
Julius Randle,NYK,24.0,22.862,24.5
Julius Randle,NYK,25.0,22.933,24.5
Julius Randle,NYK,38.0,23.419,24.5
Julius Randle,NYK,39.0,24.03,25.5
Julius Randle,NYK,35.0,24.353,26.5
Julius Randle,NYK,8.0,23.886,27.5
Julius Randle,NYK,39.0,24.306,28.5
Julius Randle,NYK,20.0,24.189,28.5
Julius Randle,NYK,32.0,24.395,27.5
Julius Randle,NYK,24.0,24.385,31.5
Julius Randle,NYK,18.0,24.093,26.5
Julius Randle,NYK,30.0,24.227,25.5
Julius Randle,NYK,17.0,24.067,25.5
Julius Randle,NYK,19.0,23.957,23.5
Josh Hart,NYK,10.0,9.875,12.5
RJ Barrett,NYK,14.0,18.5,17.5
RJ Barrett,NYK,14.0,18.5,17.5
RJ Barrett,NYK,14.0,19.0,17.5
RJ Barrett,NYK,14.0,19.0,17.5
RJ Barrett,NYK,13.0,18.261,18.5
RJ Barrett,NYK,13.0,18.261,18.5
RJ Barrett,NYK,13.0,18.909,18.5
RJ Barrett,NYK,13.0,18.909,18.5
RJ Barrett,NYK,21.0,18.375,17.5
RJ Barrett,NYK,21.0,18.375,17.5
RJ Barrett,NYK,21.0,18.94,17.5
RJ Barrett,NYK,21.0,18.94,17.5
RJ Barrett,NYK,14.0,18.2,17.5
RJ Barrett,NYK,14.0,18.2,17.5
RJ Barrett,NYK,14.0,18.868,17.5
RJ Barrett,NYK,14.0,18.868,17.5
RJ Barrett,NYK,19.0,18.231,16.5
RJ Barrett,NYK,19.0,18.231,16.5
RJ Barrett,NYK,19.0,18.87,16.5
RJ Barrett,NYK,19.0,18.87,16.5
RJ Barrett,TOR,14.0,18.107,15.5
RJ Barrett,TOR,14.0,18.107,15.5
RJ Barrett,TOR,14.0,18.803,15.5
RJ Barrett,TOR,14.0,18.803,15.5
RJ Barrett,TOR,14.0,17.966,16.5
RJ Barrett,TOR,14.0,17.966,16.5
RJ Barrett,TOR,14.0,18.736,16.5
RJ Barrett,TOR,14.0,18.736,16.5
RJ Barrett,TOR,37.0,18.6,15.5
RJ Barrett,TOR,37.0,18.6,15.5
RJ Barrett,TOR,37.0,18.986,15.5
RJ Barrett,TOR,37.0,18.986,15.5
RJ Barrett,TOR,23.0,18.742,17.5
RJ Barrett,TOR,23.0,18.742,17.5
RJ Barrett,TOR,23.0,19.041,17.5
RJ Barrett,TOR,23.0,19.041,17.5
RJ Barrett,TOR,24.0,18.906,16.5
RJ Barrett,TOR,24.0,18.906,16.5
RJ Barrett,TOR,24.0,19.107,16.5
RJ Barrett,TOR,24.0,19.107,16.5
RJ Barrett,TOR,24.0,18.618,17.5
RJ Barrett,TOR,24.0,18.618,17.5
RJ Barrett,TOR,24.0,18.974,17.5
RJ Barrett,TOR,24.0,18.974,17.5
RJ Barrett,TOR,17.0,18.778,20.5
RJ Barrett,TOR,17.0,18.778,20.5
RJ Barrett,TOR,17.0,19.038,20.5
RJ Barrett,TOR,17.0,19.038,20.5
RJ Barrett,TOR,29.0,19.079,21.5
RJ Barrett,TOR,29.0,19.079,21.5
RJ Barrett,TOR,29.0,19.173,21.5
RJ Barrett,TOR,29.0,19.173,21.5
RJ Barrett,TOR,22.0,19.154,21.5
RJ Barrett,TOR,22.0,19.154,21.5
RJ Barrett,TOR,22.0,19.207,21.5
RJ Barrett,TOR,22.0,19.207,21.5
Isaiah Hartenstein,NYK,12.0,7.0,7.5
Isaiah Hartenstein,NYK,11.0,8.333,8.5
Isaiah Hartenstein,NYK,4.0,7.25,8.5
Isaiah Hartenstein,NYK,7.0,7.2,7.5
Isaiah Hartenstein,NYK,10.0,6.875,7.5
Isaiah Hartenstein,NYK,17.0,8.0,7.5
Isaiah Hartenstein,NYK,8.0,8.0,9.5
Isaiah Hartenstein,NYK,5.0,7.727,9.5
Isaiah Hartenstein,NYK,8.0,7.75,8.5
Isaiah Hartenstein,NYK,12.0,8.077,9.5
Isaiah Hartenstein,NYK,1.0,7.412,8.5
Isaiah Hartenstein,NYK,4.0,7.222,7.5
Shai Gilgeous-Alexander,OKC,31.0,30.72,31.5
Shai Gilgeous-Alexander,OKC,34.0,30.846,33.5
Shai Gilgeous-Alexander,OKC,34.0,30.963,33.5
Shai Gilgeous-Alexander,OKC,36.0,31.143,33.5
Shai Gilgeous-Alexander,OKC,40.0,31.448,32.5
Shai Gilgeous-Alexander,OKC,24.0,31.2,33.5
Shai Gilgeous-Alexander,OKC,36.0,31.355,32.5
Shai Gilgeous-Alexander,OKC,33.0,31.406,34.5
Shai Gilgeous-Alexander,OKC,34.0,31.485,32.5
Shai Gilgeous-Alexander,OKC,32.0,31.5,33.5
Shai Gilgeous-Alexander,OKC,28.0,31.4,32.5
Shai Gilgeous-Alexander,OKC,31.0,31.389,31.5
Shai Gilgeous-Alexander,OKC,37.0,31.541,32.5
Shai Gilgeous-Alexander,OKC,24.0,31.342,31.5
Shai Gilgeous-Alexander,OKC,19.0,31.026,30.5
Shai Gilgeous-Alexander,OKC,31.0,31.025,31.5
Shai Gilgeous-Alexander,OKC,33.0,31.073,30.5
Shai Gilgeous-Alexander,OKC,33.0,31.119,31.5
Shai Gilgeous-Alexander,OKC,32.0,31.14,33.5
Shai Gilgeous-Alexander,OKC,31.0,31.136,32.5
Shai Gilgeous-Alexander,OKC,31.0,31.133,32.5
Shai Gilgeous-Alexander,OKC,37.0,31.261,31.5
Jalen Williams,OKC,28.0,17.417,16.5
Jalen Williams,OKC,21.0,17.56,16.5
Jalen Williams,OKC,36.0,18.269,16.5
Jalen Williams,OKC,11.0,18.0,17.5
Jalen Williams,OKC,17.0,17.964,16.5
Jalen Williams,OKC,16.0,17.897,16.5
Jalen Williams,OKC,20.0,18.065,16.5
Jalen Williams,OKC,21.0,18.156,17.5
Jalen Williams,OKC,19.0,18.182,17.5
Jalen Williams,OKC,16.0,18.2,17.5
Jalen Williams,OKC,27.0,18.789,19.5
Jalen Williams,OKC,20.0,18.821,17.5
Jalen Williams,OKC,19.0,18.825,19.5
Jalen Williams,OKC,13.0,18.683,18.5
Jalen Williams,OKC,15.0,18.595,18.5
Jalen Williams,OKC,20.0,18.628,18.5
Jalen Williams,OKC,20.0,18.659,19.5
Chet Holmgren,OKC,23.0,17.154,16.5
Chet Holmgren,OKC,19.0,17.222,17.5
Chet Holmgren,OKC,20.0,17.321,17.5
Chet Holmgren,OKC,22.0,17.483,18.5
Chet Holmgren,OKC,24.0,17.7,17.5
Chet Holmgren,OKC,18.0,17.71,18.5
Chet Holmgren,OKC,14.0,17.594,17.5
Chet Holmgren,OKC,12.0,17.424,18.5
Chet Holmgren,OKC,17.0,17.412,17.5
Chet Holmgren,OKC,31.0,17.8,18.5
Chet Holmgren,OKC,23.0,17.944,17.5
Chet Holmgren,OKC,19.0,17.973,17.5
Chet Holmgren,OKC,15.0,17.895,17.5
Chet Holmgren,OKC,15.0,17.366,17.5
Chet Holmgren,OKC,15.0,17.31,16.5
Chet Holmgren,OKC,8.0,17.093,17.5
Chet Holmgren,OKC,17.0,17.091,15.5
Chet Holmgren,OKC,20.0,17.156,15.5
Chet Holmgren,OKC,9.0,16.978,16.5
Chet Holmgren,OKC,4.0,16.702,15.5
Luguentz Dort,OKC,21.0,11.12,10.5
Luguentz Dort,OKC,8.0,11.0,12.5
Luguentz Dort,OKC,20.0,11.333,10.5
Luguentz Dort,OKC,4.0,10.862,10.5
Luguentz Dort,OKC,18.0,11.1,10.5
Luguentz Dort,OKC,9.0,11.032,9.5
Luguentz Dort,OKC,12.0,11.152,10.5
Luguentz Dort,OKC,7.0,11.029,11.5
Luguentz Dort,OKC,14.0,11.114,9.5
Luguentz Dort,OKC,12.0,11.135,9.5
Luguentz Dort,OKC,6.0,11.268,11.5
Luguentz Dort,OKC,2.0,11.048,10.5
Luguentz Dort,OKC,4.0,10.884,10.5
Luguentz Dort,OKC,6.0,10.773,10.5
Luguentz Dort,OKC,2.0,10.578,8.5
Josh Giddey,OKC,11.0,11.769,10.5
Josh Giddey,OKC,20.0,11.833,10.5
Josh Giddey,OKC,23.0,12.194,10.5
Josh Giddey,OKC,13.0,12.121,11.5
Josh Giddey,OKC,9.0,12.029,12.5
Josh Giddey,OKC,9.0,11.943,11.5
Josh Giddey,OKC,13.0,11.972,11.5
Josh Giddey,OKC,12.0,11.973,10.5
Josh Giddey,OKC,20.0,12.0,10.5
Josh Giddey,OKC,5.0,11.829,10.5
Josh Giddey,OKC,7.0,11.714,10.5
Josh Giddey,OKC,12.0,11.721,10.5
Josh Giddey,OKC,4.0,11.545,10.5
Josh Giddey,OKC,12.0,11.556,10.5
Josh Giddey,OKC,13.0,11.587,9.5
Paolo Banchero,ORL,10.0,20.615,21.5
Paolo Banchero,ORL,23.0,20.704,20.5
Paolo Banchero,ORL,34.0,21.179,22.5
Paolo Banchero,ORL,24.0,21.276,24.5
Paolo Banchero,ORL,19.0,21.2,23.5
Paolo Banchero,ORL,29.0,21.452,23.5
Paolo Banchero,ORL,28.0,21.656,23.5
Paolo Banchero,ORL,27.0,21.818,24.5
Paolo Banchero,ORL,35.0,23.056,29.5
Paolo Banchero,ORL,18.0,22.919,28.5
Paolo Banchero,ORL,25.0,22.974,27.5
Paolo Banchero,ORL,20.0,22.897,29.5
Paolo Banchero,ORL,20.0,22.825,26.5
Paolo Banchero,ORL,26.0,22.902,27.5
Paolo Banchero,ORL,14.0,22.69,26.5
Paolo Banchero,ORL,20.0,22.628,23.5
Paolo Banchero,ORL,18.0,22.523,23.5
Paolo Banchero,ORL,27.0,22.622,21.5
Paolo Banchero,ORL,26.0,22.696,23.5
Paolo Banchero,ORL,36.0,22.979,24.5
Franz Wagner,ORL,15.0,19.769,19.5
Franz Wagner,ORL,24.0,20.25,22.5
Franz Wagner,ORL,28.0,20.517,22.5
Franz Wagner,ORL,24.0,20.633,22.5
Franz Wagner,ORL,32.0,21.0,23.5
Franz Wagner,ORL,27.0,21.188,22.5
Franz Wagner,ORL,25.0,21.303,23.5
Franz Wagner,ORL,18.0,20.622,18.5
Franz Wagner,ORL,11.0,20.368,19.5
Franz Wagner,ORL,21.0,20.385,19.5
Jalen Suggs,ORL,11.0,12.417,11.5
Jalen Suggs,ORL,21.0,12.963,12.5
Jalen Suggs,ORL,10.0,12.552,11.5
Jalen Suggs,ORL,20.0,13.667,15.5
Jalen Suggs,ORL,2.0,13.324,15.5
Jalen Suggs,ORL,4.0,12.944,11.5
Jalen Suggs,ORL,16.0,13.027,11.5
Jalen Suggs,ORL,16.0,13.105,11.5
Jalen Suggs,ORL,11.0,13.051,11.5
Jalen Suggs,ORL,0.0,12.561,10.5
Jalen Suggs,ORL,10.0,12.5,10.5
Wendell Carter Jr.,ORL,10.0,8.333,11.5
Wendell Carter Jr.,ORL,20.0,9.231,11.5
Wendell Carter Jr.,ORL,9.0,9.214,13.5
Markelle Fultz,ORL,10.0,11.286,10.5
Markelle Fultz,ORL,14.0,11.625,10.5
Goga Bitadze,ORL,2.0,8.308,8.5
Goga Bitadze,ORL,3.0,7.897,6.5
Tyrese Maxey,PHI,35.0,26.115,24.5
Tyrese Maxey,PHI,33.0,26.37,26.5
Tyrese Maxey,PHI,12.0,25.857,31.5
Tyrese Maxey,PHI,23.0,25.759,29.5
Tyrese Maxey,PHI,42.0,26.3,27.5
Tyrese Maxey,PHI,21.0,25.938,25.5
Tyrese Maxey,PHI,27.0,25.97,25.5
Tyrese Maxey,PHI,25.0,25.941,25.5
Tyrese Maxey,PHI,35.0,26.2,32.5
Tyrese Maxey,PHI,21.0,26.056,31.5
Tyrese Maxey,PHI,25.0,26.053,25.5
Tyrese Maxey,PHI,32.0,26.205,25.5
Tyrese Maxey,PHI,16.0,25.95,26.5
Tyrese Maxey,PHI,18.0,25.756,26.5
Tyrese Maxey,PHI,22.0,25.667,28.5
Joel Embiid,PHI,51.0,35.125,33.5
Joel Embiid,PHI,31.0,34.96,35.5
Joel Embiid,PHI,31.0,34.808,34.5
Joel Embiid,PHI,30.0,34.63,34.5
Joel Embiid,PHI,41.0,34.857,32.5
Joel Embiid,PHI,41.0,35.069,32.5
Joel Embiid,PHI,36.0,35.1,33.5
Joel Embiid,PHI,33.0,35.032,34.5
Joel Embiid,PHI,70.0,36.125,34.5
Joel Embiid,PHI,31.0,35.97,36.5
Tobias Harris,PHI,33.0,16.607,13.5
Tobias Harris,PHI,27.0,16.966,18.5
Tobias Harris,PHI,22.0,17.133,20.5
Tobias Harris,PHI,22.0,17.29,21.5
Tobias Harris,PHI,20.0,17.303,17.5
Tobias Harris,PHI,5.0,16.941,17.5
Tobias Harris,PHI,32.0,17.371,20.5
Tobias Harris,PHI,37.0,17.917,22.5
Tobias Harris,PHI,24.0,17.868,16.5
Tobias Harris,PHI,12.0,17.718,16.5
Tobias Harris,PHI,21.0,17.8,16.5
Tobias Harris,PHI,14.0,17.707,16.5
De'Anthony Melton,PHI,15.0,11.714,12.5
De'Anthony Melton,PHI,22.0,12.069,12.5
De'Anthony Melton,PHI,15.0,12.167,14.5
Kelly Oubre Jr.,PHI,25.0,14.125,15.5
Kelly Oubre Jr.,PHI,4.0,13.0,16.5
Kelly Oubre Jr.,PHI,15.0,13.471,11.5
Kelly Oubre Jr.,PHI,5.0,13.0,12.5
Nicolas Batum,PHI,3.0,5.909,
Nicolas Batum,PHI,9.0,6.043,
Nicolas Batum,PHI,5.0,6.0,
Kevin Durant,PHO,40.0,31.0,29.5
Kevin Durant,PHO,28.0,30.875,30.5
Kevin Durant,PHO,16.0,30.28,31.5
Kevin Durant,PHO,27.0,30.154,28.5
Kevin Durant,PHO,21.0,29.815,27.5
Kevin Durant,PHO,31.0,29.857,25.5
Kevin Durant,PHO,18.0,29.258,25.5
Kevin Durant,PHO,21.0,29.0,25.5
Kevin Durant,PHO,27.0,28.939,26.5
Kevin Durant,PHO,26.0,28.853,25.5
Kevin Durant,PHO,40.0,29.171,27.5
Kevin Durant,PHO,43.0,29.556,26.5
Kevin Durant,PHO,12.0,29.081,29.5
Kevin Durant,PHO,20.0,28.842,28.5
Kevin Durant,PHO,15.0,28.487,27.5
Kevin Durant,PHO,20.0,28.275,23.5
Devin Booker,PHO,26.0,27.944,28.5
Devin Booker,PHO,24.0,27.737,29.5
Devin Booker,PHO,20.0,27.35,30.5
Devin Booker,PHO,20.0,27.0,26.5
Devin Booker,PHO,35.0,27.364,26.5
Devin Booker,PHO,21.0,27.087,26.5
Devin Booker,PHO,35.0,26.72,27.5
Devin Booker,PHO,20.0,26.462,26.5
Devin Booker,PHO,24.0,26.37,26.5
Devin Booker,PHO,31.0,26.31,24.5
Devin Booker,PHO,34.0,26.567,24.5
Devin Booker,PHO,16.0,26.226,26.5
Devin Booker,PHO,52.0,27.031,24.5
Devin Booker,PHO,26.0,27.0,27.5
Devin Booker,PHO,16.0,26.676,26.5
Devin Booker,PHO,46.0,27.229,27.5
Devin Booker,PHO,62.0,28.194,28.5
Devin Booker,PHO,44.0,28.622,30.5
Devin Booker,PHO,22.0,28.447,30.5
Bradley Beal,PHO,21.0,16.1,20.5
Bradley Beal,PHO,25.0,16.909,20.5
Bradley Beal,PHO,37.0,17.857,17.5
Bradley Beal,PHO,23.0,18.2,18.5
Bradley Beal,PHO,13.0,17.875,20.5
Bradley Beal,PHO,13.0,17.588,18.5
Bradley Beal,PHO,25.0,18.0,18.5
Bradley Beal,PHO,18.0,18.0,18.5
Bradley Beal,PHO,20.0,18.1,18.5
Bradley Beal,PHO,12.0,17.81,19.5
Bradley Beal,PHO,9.0,17.409,17.5
Bradley Beal,PHO,19.0,17.478,17.5
Grayson Allen,PHO,11.0,12.227,11.5
Grayson Allen,PHO,11.0,12.174,12.5
Grayson Allen,PHO,32.0,13.0,12.5
Grayson Allen,PHO,10.0,12.966,12.5
Grayson Allen,PHO,31.0,13.567,11.5
Grayson Allen,PHO,5.0,13.212,12.5
Grayson Allen,PHO,20.0,13.412,12.5
Grayson Allen,PHO,29.0,13.857,12.5
Grayson Allen,PHO,12.0,13.806,12.5
Grayson Allen,PHO,13.0,13.784,13.5
Grayson Allen,PHO,9.0,13.658,12.5
Grayson Allen,PHO,15.0,13.692,11.5
Grayson Allen,PHO,11.0,13.625,12.5
Grayson Allen,PHO,3.0,13.238,11.5
Eric Gordon,PHO,14.0,15.167,11.5
Drew Eubanks,PHO,2.0,2.0,8.5
Jerami Grant,POR,22.0,22.682,22.5
Jerami Grant,POR,20.0,22.565,24.5
Jerami Grant,POR,13.0,21.96,21.5
Jerami Grant,POR,29.0,22.231,20.5
Jerami Grant,POR,18.0,21.6,19.5
Jerami Grant,POR,27.0,21.774,18.5
Jerami Grant,POR,21.0,21.75,18.5
Jerami Grant,POR,9.0,21.364,18.5
Jerami Grant,POR,37.0,21.806,19.5
Jerami Grant,POR,18.0,21.579,19.5
Jerami Grant,POR,21.0,21.564,19.5
Anfernee Simons,POR,23.0,25.375,24.5
Anfernee Simons,POR,41.0,27.111,26.5
Anfernee Simons,POR,29.0,27.091,26.5
Anfernee Simons,POR,6.0,24.538,24.5
Anfernee Simons,POR,38.0,25.5,21.5
Anfernee Simons,POR,12.0,24.6,24.5
Anfernee Simons,POR,14.0,23.938,22.5
Anfernee Simons,POR,28.0,23.111,22.5
Anfernee Simons,POR,20.0,22.947,24.5
Anfernee Simons,POR,19.0,22.75,22.5
Anfernee Simons,POR,17.0,22.476,21.5
Anfernee Simons,POR,33.0,22.955,19.5
Deandre Ayton,POR,16.0,12.636,12.5
Deandre Ayton,POR,23.0,13.087,14.5
Deandre Ayton,POR,5.0,12.481,11.5
Deandre Ayton,POR,18.0,12.679,10.5
Malcolm Brogdon,POR,29.0,16.857,16.5
Malcolm Brogdon,POR,18.0,18.0,17.5
Malcolm Brogdon,POR,19.0,18.048,16.5
Scoot Henderson,POR,8.0,12.5,12.5
Scoot Henderson,POR,13.0,12.538,12.5
Domantas Sabonis,SAC,13.0,18.654,18.5
Domantas Sabonis,SAC,28.0,19.0,20.5
Domantas Sabonis,SAC,17.0,18.929,17.5
Domantas Sabonis,SAC,34.0,19.448,21.5
Domantas Sabonis,SAC,25.0,19.633,21.5
Domantas Sabonis,SAC,13.0,19.419,21.5
Domantas Sabonis,SAC,23.0,19.531,21.5
Domantas Sabonis,SAC,24.0,19.735,21.5
Domantas Sabonis,SAC,17.0,19.657,22.5
Domantas Sabonis,SAC,37.0,20.139,23.5
Domantas Sabonis,SAC,24.0,20.243,23.5
Domantas Sabonis,SAC,14.0,20.079,22.5
Domantas Sabonis,SAC,21.0,20.103,21.5
Domantas Sabonis,SAC,21.0,20.125,20.5
Domantas Sabonis,SAC,21.0,20.146,21.5
Domantas Sabonis,SAC,14.0,20.0,20.5
Domantas Sabonis,SAC,18.0,19.953,20.5
Domantas Sabonis,SAC,17.0,19.886,21.5
Domantas Sabonis,SAC,20.0,19.889,18.5
De'Aaron Fox,SAC,29.0,30.05,29.5
De'Aaron Fox,SAC,23.0,29.714,29.5
De'Aaron Fox,SAC,27.0,29.591,27.5
De'Aaron Fox,SAC,43.0,30.174,29.5
De'Aaron Fox,SAC,31.0,30.208,30.5
De'Aaron Fox,SAC,24.0,29.96,30.5
De'Aaron Fox,SAC,30.0,29.962,29.5
De'Aaron Fox,SAC,15.0,29.407,29.5
De'Aaron Fox,SAC,24.0,29.214,29.5
De'Aaron Fox,SAC,3.0,28.31,28.5
De'Aaron Fox,SAC,26.0,28.233,27.5
De'Aaron Fox,SAC,19.0,27.935,27.5
De'Aaron Fox,SAC,21.0,27.719,27.5
De'Aaron Fox,SAC,32.0,27.848,26.5
De'Aaron Fox,SAC,33.0,28.0,27.5
De'Aaron Fox,SAC,24.0,27.886,28.5
De'Aaron Fox,SAC,12.0,27.444,27.5
De'Aaron Fox,SAC,29.0,27.486,26.5
De'Aaron Fox,SAC,34.0,27.658,25.5
De'Aaron Fox,SAC,23.0,27.538,25.5
Keegan Murray,SAC,21.0,16.043,17.5
Keegan Murray,SAC,20.0,16.208,16.5
Keegan Murray,SAC,5.0,15.76,18.5
Keegan Murray,SAC,9.0,15.5,16.5
Keegan Murray,SAC,10.0,15.296,14.5
Keegan Murray,SAC,10.0,15.107,15.5
Keegan Murray,SAC,18.0,15.633,15.5
Keegan Murray,SAC,8.0,15.387,16.5
Keegan Murray,SAC,32.0,15.906,15.5
Keegan Murray,SAC,25.0,16.182,14.5
Keegan Murray,SAC,15.0,16.147,16.5
Keegan Murray,SAC,4.0,15.8,16.5
Keegan Murray,SAC,18.0,15.861,15.5
Keegan Murray,SAC,27.0,16.162,17.5
Keegan Murray,SAC,13.0,16.079,17.5
Keegan Murray,SAC,14.0,16.026,15.5
Keegan Murray,SAC,15.0,16.0,16.5
Keegan Murray,SAC,5.0,15.732,15.5
Harrison Barnes,SAC,19.0,11.815,11.5
Harrison Barnes,SAC,12.0,11.821,10.5
Harrison Barnes,SAC,9.0,11.724,11.5
Harrison Barnes,SAC,2.0,11.4,11.5
Harrison Barnes,SAC,3.0,11.125,10.5
Harrison Barnes,SAC,16.0,11.441,9.5
Harrison Barnes,SAC,10.0,11.4,10.5
Harrison Barnes,SAC,0.0,11.083,10.5
Harrison Barnes,SAC,8.0,10.775,9.5
Harrison Barnes,SAC,2.0,10.561,9.5
Harrison Barnes,SAC,32.0,11.071,8.5
Harrison Barnes,SAC,39.0,11.721,9.5
Harrison Barnes,SAC,12.0,11.911,14.5
Kevin Huerter,SAC,2.0,10.778,10.5
Kevin Huerter,SAC,5.0,10.571,8.5
Kevin Huerter,SAC,7.0,10.448,8.5
Kevin Huerter,SAC,0.0,9.903,10.5
Kevin Huerter,SAC,31.0,11.0,10.5
Kevin Huerter,SAC,8.0,10.914,14.5
Kevin Huerter,SAC,12.0,10.944,10.5
Kevin Huerter,SAC,18.0,11.135,11.5
Kevin Huerter,SAC,17.0,11.289,11.5
Devin Vassell,SAS,17.0,18.533,19.5
Devin Vassell,SAS,21.0,18.688,17.5
Devin Vassell,SAS,9.0,18.118,18.5
Devin Vassell,SAS,17.0,18.263,20.5
Devin Vassell,SAS,22.0,18.619,18.5
Devin Vassell,SAS,11.0,18.273,20.5
Devin Vassell,SAS,34.0,18.957,19.5
Devin Vassell,SAS,22.0,19.083,18.5
Devin Vassell,SAS,16.0,18.96,22.5
Devin Vassell,SAS,12.0,18.692,21.5
Devin Vassell,SAS,4.0,17.679,19.5
Devin Vassell,SAS,21.0,17.793,17.5
Devin Vassell,SAS,17.0,17.767,20.5
Devin Vassell,SAS,21.0,17.871,19.5
Devin Vassell,SAS,22.0,18.0,16.5
Devin Vassell,SAS,21.0,18.091,17.5
Devin Vassell,SAS,24.0,18.361,19.5
Keldon Johnson,SAS,28.0,17.48,19.5
Keldon Johnson,SAS,11.0,17.231,18.5
Jeremy Sochan,SAS,9.0,10.52,10.5
Jeremy Sochan,SAS,9.0,10.462,9.5
Jeremy Sochan,SAS,23.0,10.926,11.5
Jeremy Sochan,SAS,16.0,11.379,12.5
Jeremy Sochan,SAS,9.0,11.0,10.5
Jeremy Sochan,SAS,12.0,11.031,11.5
Jeremy Sochan,SAS,9.0,10.97,11.5
Jeremy Sochan,SAS,11.0,10.971,9.5
Jeremy Sochan,SAS,15.0,11.086,11.5
Jeremy Sochan,SAS,13.0,11.139,11.5
Jeremy Sochan,SAS,23.0,11.447,11.5
Jeremy Sochan,SAS,5.0,11.282,11.5
Jeremy Sochan,SAS,11.0,11.275,13.5
Jeremy Sochan,SAS,23.0,11.561,12.5
Jeremy Sochan,SAS,14.0,11.619,11.5
Jeremy Sochan,SAS,2.0,11.395,12.5
Jeremy Sochan,SAS,2.0,11.652,13.5
Victor Wembanyama,SAS,7.0,18.48,21.5
Victor Wembanyama,SAS,21.0,18.857,16.5
Victor Wembanyama,SAS,27.0,19.167,19.5
Victor Wembanyama,SAS,24.0,19.323,19.5
Victor Wembanyama,SAS,16.0,19.219,21.5
Victor Wembanyama,SAS,26.0,19.424,21.5
Victor Wembanyama,SAS,26.0,19.618,20.5
Victor Wembanyama,SAS,27.0,19.829,20.5
Victor Wembanyama,SAS,24.0,19.944,21.5
Victor Wembanyama,SAS,33.0,20.297,21.5
Victor Wembanyama,SAS,24.0,20.395,22.5
Victor Wembanyama,SAS,23.0,20.462,23.5
Victor Wembanyama,SAS,23.0,20.525,21.5
Victor Wembanyama,SAS,22.0,20.561,25.5
Tre Jones,SAS,11.0,15.667,13.5
Tre Jones,SAS,6.0,13.25,12.5
Tre Jones,SAS,6.0,14.833,12.5
Tre Jones,SAS,9.0,14.0,10.5
Tre Jones,SAS,16.0,14.25,13.5
Tre Jones,SAS,11.0,13.889,12.5
Tre Jones,SAS,12.0,13.7,10.5
Tre Jones,SAS,9.0,13.273,11.5
Tre Jones,SAS,12.0,13.167,9.5
Tre Jones,SAS,11.0,13.0,11.5
Zach Collins,SAS,22.0,14.143,12.5
Malaki Branham,SAS,12.0,10.571,11.5
Malaki Branham,SAS,12.0,10.812,11.5
Malaki Branham,SAS,11.0,10.4,10.5
Malaki Branham,SAS,2.0,10.0,11.5
Scottie Barnes,TOR,30.0,20.63,20.5
Scottie Barnes,TOR,12.0,20.321,21.5
Scottie Barnes,TOR,32.0,20.724,21.5
Scottie Barnes,TOR,20.0,20.7,22.5
Scottie Barnes,TOR,20.0,21.0,21.5
Scottie Barnes,TOR,20.0,20.971,20.5
Scottie Barnes,TOR,20.0,20.943,20.5
Scottie Barnes,TOR,6.0,20.528,20.5
Scottie Barnes,TOR,26.0,20.676,19.5
Scottie Barnes,TOR,12.0,20.447,18.5
Scottie Barnes,TOR,10.0,20.15,18.5
Scottie Barnes,TOR,31.0,20.405,19.5
Scottie Barnes,TOR,9.0,20.14,19.5
Scottie Barnes,TOR,22.0,20.182,20.5
Scottie Barnes,TOR,23.0,20.244,21.5
Scottie Barnes,TOR,24.0,20.326,23.5
Scottie Barnes,TOR,13.0,20.17,23.5
Immanuel Quickley,TOR,26.0,20.0,15.5
Immanuel Quickley,TOR,20.0,20.0,17.5
Immanuel Quickley,TOR,9.0,17.25,19.5
Immanuel Quickley,TOR,21.0,18.0,17.5
Immanuel Quickley,TOR,25.0,19.167,18.5
Immanuel Quickley,TOR,21.0,18.875,18.5
Immanuel Quickley,TOR,12.0,18.0,20.5
Immanuel Quickley,TOR,12.0,17.455,19.5
Immanuel Quickley,TOR,8.0,16.667,18.5
Jakob Poeltl,TOR,4.0,10.593,9.5
Jakob Poeltl,TOR,19.0,10.893,8.5
Jakob Poeltl,TOR,2.0,10.586,10.5
Jakob Poeltl,TOR,10.0,10.567,11.5
Jakob Poeltl,TOR,14.0,10.515,9.5
Jakob Poeltl,TOR,7.0,10.412,9.5
Jakob Poeltl,TOR,14.0,10.514,10.5
Jakob Poeltl,TOR,14.0,10.611,9.5
Gary Trent Jr.,TOR,13.0,14.2,12.5
Gary Trent Jr.,TOR,16.0,14.364,13.5
Gary Trent Jr.,TOR,24.0,15.167,15.5
Lauri Markkanen,UTA,24.0,24.0,24.5
Lauri Markkanen,UTA,12.0,23.478,24.5
Lauri Markkanen,UTA,17.0,23.208,24.5
Lauri Markkanen,UTA,31.0,23.52,22.5
Lauri Markkanen,UTA,17.0,23.269,21.5
Lauri Markkanen,UTA,33.0,23.63,21.5
Lauri Markkanen,UTA,21.0,23.536,22.5
Lauri Markkanen,UTA,26.0,23.621,21.5
Lauri Markkanen,UTA,22.0,23.567,24.5
Lauri Markkanen,UTA,29.0,23.742,23.5
Lauri Markkanen,UTA,32.0,24.0,25.5
Lauri Markkanen,UTA,26.0,24.061,24.5
Lauri Markkanen,UTA,22.0,24.0,24.5
Lauri Markkanen,UTA,11.0,23.629,24.5
Lauri Markkanen,UTA,29.0,23.778,24.5
Lauri Markkanen,UTA,33.0,24.027,24.5
Lauri Markkanen,UTA,13.0,23.737,23.5
Lauri Markkanen,UTA,14.0,23.487,23.5
John Collins,UTA,10.0,13.556,10.5
John Collins,UTA,15.0,13.607,11.5
John Collins,UTA,17.0,13.724,11.5
John Collins,UTA,12.0,13.667,10.5
John Collins,UTA,19.0,13.839,11.5
John Collins,UTA,19.0,14.0,12.5
John Collins,UTA,15.0,14.03,13.5
John Collins,UTA,4.0,13.735,14.5
John Collins,UTA,19.0,13.886,11.5
John Collins,UTA,21.0,13.973,12.5
John Collins,UTA,7.0,13.789,11.5
John Collins,UTA,22.0,14.0,12.5
John Collins,UTA,20.0,14.146,13.5
John Collins,UTA,15.0,14.167,13.5
John Collins,UTA,11.0,14.093,12.5
Collin Sexton,UTA,20.0,25.6,21.5
Collin Sexton,UTA,22.0,23.1,18.5
Collin Sexton,UTA,8.0,21.727,21.5
Collin Sexton,UTA,25.0,22.0,17.5
Collin Sexton,UTA,13.0,21.308,15.5
Collin Sexton,UTA,22.0,21.357,16.5
Collin Sexton,UTA,19.0,21.2,17.5
Collin Sexton,UTA,22.0,21.25,17.5
Collin Sexton,UTA,20.0,21.176,18.5
Collin Sexton,UTA,27.0,21.5,18.5
Collin Sexton,UTA,31.0,22.4,19.5
Collin Sexton,UTA,28.0,22.667,19.5
Collin Sexton,UTA,22.0,22.636,21.5
Collin Sexton,UTA,11.0,22.13,22.5
Collin Sexton,UTA,24.0,22.208,17.5
Collin Sexton,UTA,6.0,21.56,19.5
Collin Sexton,UTA,22.0,21.577,19.5
Kyle Kuzma,WAS,32.0,23.556,24.5
Kyle Kuzma,WAS,7.0,22.964,25.5
Kyle Kuzma,WAS,17.0,22.759,22.5
Kyle Kuzma,WAS,14.0,22.467,21.5
Kyle Kuzma,WAS,26.0,22.581,21.5
Kyle Kuzma,WAS,38.0,23.062,24.5
Kyle Kuzma,WAS,16.0,22.848,23.5
Kyle Kuzma,WAS,9.0,22.441,22.5
Kyle Kuzma,WAS,27.0,22.571,20.5
Kyle Kuzma,WAS,22.0,22.556,22.5
Kyle Kuzma,WAS,11.0,22.243,23.5
Kyle Kuzma,WAS,29.0,22.421,24.5
Kyle Kuzma,WAS,21.0,22.385,23.5
Kyle Kuzma,WAS,15.0,22.2,21.5
Kyle Kuzma,WAS,11.0,21.927,21.5
Kyle Kuzma,WAS,17.0,21.81,18.5
Kyle Kuzma,WAS,17.0,21.698,
Kyle Kuzma,WAS,26.0,21.795,20.5
Kyle Kuzma,WAS,30.0,21.978,23.5
Kyle Kuzma,WAS,18.0,21.891,23.5
Jordan Poole,WAS,13.0,17.192,18.5
Jordan Poole,WAS,30.0,17.929,18.5
Jordan Poole,WAS,14.0,17.793,22.5
Jordan Poole,WAS,5.0,17.367,19.5
Jordan Poole,WAS,13.0,17.226,19.5
Jordan Poole,WAS,8.0,16.938,16.5
Jordan Poole,WAS,2.0,16.485,16.5
Jordan Poole,WAS,10.0,16.294,15.5
Jordan Poole,WAS,24.0,16.514,14.5
Jordan Poole,WAS,28.0,16.833,16.5
Jordan Poole,WAS,20.0,16.919,19.5
Jordan Poole,WAS,16.0,16.895,19.5
Jordan Poole,WAS,24.0,17.077,16.5
Jordan Poole,WAS,16.0,17.05,20.5
Jordan Poole,WAS,4.0,16.732,17.5
Jordan Poole,WAS,18.0,16.535,16.5
Jordan Poole,WAS,17.0,16.545,15.5
Jordan Poole,WAS,13.0,16.467,16.5
Tyus Jones,WAS,24.0,12.222,12.5
Tyus Jones,WAS,22.0,12.621,12.5
Tyus Jones,WAS,11.0,12.567,13.5
Tyus Jones,WAS,12.0,12.548,12.5
Tyus Jones,WAS,14.0,12.594,13.5
Tyus Jones,WAS,9.0,12.485,12.5
Tyus Jones,WAS,16.0,12.588,12.5
Tyus Jones,WAS,11.0,12.543,12.5
Tyus Jones,WAS,18.0,12.694,12.5
Tyus Jones,WAS,11.0,12.649,13.5
Tyus Jones,WAS,8.0,12.526,14.5
Tyus Jones,WAS,22.0,12.769,13.5
Tyus Jones,WAS,2.0,12.5,12.5
Tyus Jones,WAS,13.0,12.512,12.5
Tyus Jones,WAS,15.0,12.571,11.5
Tyus Jones,WAS,5.0,12.395,12.5
Tyus Jones,WAS,12.0,12.386,12.5
Tyus Jones,WAS,12.0,12.378,13.5
Tyus Jones,WAS,15.0,12.435,12.5
Deni Avdija,WAS,13.0,11.593,10.5
Deni Avdija,WAS,2.0,11.103,9.5
Deni Avdija,WAS,21.0,11.452,9.5
Deni Avdija,WAS,17.0,11.625,13.5
Deni Avdija,WAS,7.0,11.485,12.5
Deni Avdija,WAS,13.0,11.529,12.5
Deni Avdija,WAS,23.0,11.857,12.5
Deni Avdija,WAS,17.0,12.0,13.5
Deni Avdija,WAS,15.0,12.081,13.5
Deni Avdija,WAS,19.0,12.263,14.5
Deni Avdija,WAS,12.0,12.256,15.5
Deni Avdija,WAS,15.0,12.325,13.5
Deni Avdija,WAS,16.0,12.415,13.5
Deni Avdija,WAS,4.0,12.214,13.5
Deni Avdija,WAS,24.0,12.488,
Deni Avdija,WAS,13.0,12.5,14.5
Deni Avdija,WAS,10.0,12.444,13.5
Deni Avdija,WAS,9.0,12.37,12.5
Daniel Gafford,WAS,16.0,10.833,12.5
Daniel Gafford,WAS,13.0,11.077,11.5
Daniel Gafford,WAS,12.0,11.111,11.5
Daniel Gafford,WAS,4.0,10.857,11.5
Daniel Gafford,WAS,10.0,10.828,12.5
Daniel Gafford,WAS,12.0,10.867,10.5
Daniel Gafford,WAS,4.0,10.645,11.5
Daniel Gafford,WAS,6.0,10.5,9.5
Daniel Gafford,WAS,9.0,10.455,9.5
Daniel Gafford,WAS,12.0,10.5,9.5
Daniel Gafford,WAS,10.0,10.486,11.5
Daniel Gafford,WAS,8.0,10.417,10.5
Daniel Gafford,WAS,10.0,10.526,9.5
Daniel Gafford,WAS,13.0,10.59,10.5
Daniel Gafford,WAS,15.0,10.7,11.5
Daniel Gafford,WAS,16.0,10.829,11.5
