Player,Tm,PTS,Points_Running_Avg,player_points_line,Date
Trae Young,ATL,30,28.2,30.5,12/20/23
Trae Young,ATL,30,28.269,27.5,12/22/23
Trae Young,ATL,30,28.333,30.5,12/23/23
Trae Young,ATL,21,28.071,28.5,12/26/23
Trae Young,ATL,24,27.931,28.5,12/29/23
Trae Young,ATL,40,28.333,28.5,12/31/23
Trae Young,ATL,24,28.194,27.5,1/3/24
Trae Young,ATL,13,27.719,28.5,1/5/24
Trae Young,ATL,31,27.818,25.5,1/7/24
Trae Young,ATL,28,27.824,27.5,1/10/24
Trae Young,ATL,13,27.4,28.5,1/12/24
Trae Young,ATL,21,27.222,29.5,1/13/24
Trae Young,ATL,36,27.459,29.5,1/15/24
Trae Young,ATL,18,27.211,27.5,1/17/24
Trae Young,ATL,30,26.975,25.5,1/26/24
Trae Young,ATL,30,27.049,25.5,1/28/24
Dejounte Murray,ATL,21,20,18.5,12/20/23
Dejounte Murray,ATL,24,20.143,18.5,12/22/23
Dejounte Murray,ATL,26,20.345,19.5,12/23/23
Dejounte Murray,ATL,18,20.161,20.5,12/29/23
Dejounte Murray,ATL,32,20.531,21.5,12/31/23
Dejounte Murray,ATL,22,20.576,19.5,1/3/24
Dejounte Murray,ATL,30,20.853,21.5,1/5/24
Dejounte Murray,ATL,24,20.943,20.5,1/7/24
Dejounte Murray,ATL,25,21.056,22.5,1/10/24
Dejounte Murray,ATL,29,21.27,23.5,1/12/24
Dejounte Murray,ATL,13,21.053,23.5,1/13/24
Dejounte Murray,ATL,13,20.846,23.5,1/15/24
Dejounte Murray,ATL,26,20.975,20.5,1/17/24
Dejounte Murray,ATL,35,21.395,24.5,1/22/24
Dejounte Murray,ATL,23,21.432,26.5,1/24/24
Dejounte Murray,ATL,24,21.5,21.5,1/30/24
Jalen Johnson,ATL,16,14.143,11.5,12/29/23
Jalen Johnson,ATL,24,14.8,16.5,12/31/23
Jalen Johnson,ATL,28,15.625,15.5,1/3/24
Jalen Johnson,ATL,12,15.412,17.5,1/5/24
Jalen Johnson,ATL,12,15.222,16.5,1/7/24
Jalen Johnson,ATL,25,15.737,15.5,1/10/24
Jalen Johnson,ATL,16,15.75,16.5,1/12/24
Jalen Johnson,ATL,5,15.238,16.5,1/13/24
Jalen Johnson,ATL,16,15.273,14.5,1/15/24
Jalen Johnson,ATL,10,15.043,14.5,1/17/24
Jalen Johnson,ATL,11,15.077,17.5,1/22/24
Jalen Johnson,ATL,21,15.296,17.5,1/24/24
Jalen Johnson,ATL,17,15.69,16.5,1/28/24
Saddiq Bey,ATL,9,13,14.5,12/20/23
Saddiq Bey,ATL,16,13.188,12.5,12/22/23
Saddiq Bey,ATL,14,13.235,13.5,12/23/23
Saddiq Bey,ATL,15,13.316,13.5,12/29/23
Saddiq Bey,ATL,11,13.2,15.5,12/31/23
Saddiq Bey,ATL,10,13.048,13.5,1/3/24
Saddiq Bey,ATL,9,12.864,13.5,1/5/24
Saddiq Bey,ATL,16,13,12.5,1/7/24
Saddiq Bey,ATL,15,13.083,13.5,1/10/24
Saddiq Bey,ATL,17,13.24,13.5,1/12/24
Saddiq Bey,ATL,16,13.346,13.5,1/13/24
Saddiq Bey,ATL,10,13.222,15.5,1/15/24
Saddiq Bey,ATL,7,13,12.5,1/17/24
Saddiq Bey,ATL,13,12.613,14.5,1/22/24
Saddiq Bey,ATL,18,12.781,13.5,1/24/24
Saddiq Bey,ATL,26,13.265,13.5,1/28/24
De'Andre Hunter,ATL,11,14.917,14.5,12/20/23
Clint Capela,ATL,15,11.808,13.5,12/20/23
Clint Capela,ATL,8,11.667,12.5,12/22/23
Clint Capela,ATL,20,11.964,10.5,12/23/23
Clint Capela,ATL,13,12,13.5,12/26/23
Clint Capela,ATL,12,12,12.5,12/29/23
Clint Capela,ATL,11,11.968,14.5,12/31/23
Clint Capela,ATL,12,11.969,12.5,1/3/24
Clint Capela,ATL,9,11.879,12.5,1/5/24
Clint Capela,ATL,4,11.647,11.5,1/7/24
Clint Capela,ATL,7,11.514,12.5,1/12/24
Clint Capela,ATL,4,11.306,12.5,1/13/24
Clint Capela,ATL,13,11.351,11.5,1/15/24
Clint Capela,ATL,12,11.368,10.5,1/17/24
Clint Capela,ATL,11,11.171,11.5,1/22/24
Clint Capela,ATL,11,11.167,11.5,1/24/24
Clint Capela,ATL,10,11.14,11.5,1/26/24
Clint Capela,ATL,19,11.318,11.5,1/28/24
Clint Capela,ATL,13,11.356,11.5,1/30/24
Jayson Tatum,BOS,15,26.808,28.5,12/19/23
Jayson Tatum,BOS,30,26.926,29.5,12/23/23
Jayson Tatum,BOS,25,26.857,28.5,12/25/23
Jayson Tatum,BOS,31,27,27.5,12/28/23
Jayson Tatum,BOS,25,26.933,26.5,12/31/23
Jayson Tatum,BOS,30,27.032,26.5,1/2/24
Jayson Tatum,BOS,30,27.125,26.5,1/5/24
Jayson Tatum,BOS,38,27.455,27.5,1/6/24
Jayson Tatum,BOS,45,27.971,25.5,1/10/24
Jayson Tatum,BOS,27,27.361,26.5,1/13/24
Jayson Tatum,BOS,19,27.135,28.5,1/15/24
Jayson Tatum,BOS,24,27.053,27.5,1/17/24
Jayson Tatum,BOS,22,26.923,27.5,1/19/24
Jayson Tatum,BOS,26,26.976,26.5,1/25/24
Jayson Tatum,BOS,21,26.837,29.5,1/27/24
Jayson Tatum,BOS,28,26.864,28.5,1/29/24
Jayson Tatum,BOS,30,26.933,29.5,1/30/24
Jrue Holiday,BOS,13,12.292,12.5,12/19/23
Jrue Holiday,BOS,18,13.111,12.5,12/25/23
Jrue Holiday,BOS,7,12.933,12.5,1/2/24
Jrue Holiday,BOS,14,12.968,12.5,1/5/24
Jrue Holiday,BOS,8,12.812,13.5,1/6/24
Jrue Holiday,BOS,11,12.778,12.5,1/13/24
Jrue Holiday,BOS,7,13.103,13.5,1/19/24
Jrue Holiday,BOS,17,13.293,11.5,1/25/24
Jrue Holiday,BOS,7,13.143,13.5,1/27/24
Jrue Holiday,BOS,17,13.386,13.5,1/30/24
Jaylen Brown,BOS,28,22.52,23.5,12/19/23
Jaylen Brown,BOS,24,22.778,26.5,12/23/23
Jaylen Brown,BOS,19,22.643,23.5,12/25/23
Jaylen Brown,BOS,24,22.967,23.5,12/31/23
Jaylen Brown,BOS,15,22.71,22.5,1/2/24
Jaylen Brown,BOS,13,22.406,23.5,1/5/24
Jaylen Brown,BOS,31,22.667,21.5,1/6/24
Jaylen Brown,BOS,35,23.514,23.5,1/10/24
Jaylen Brown,BOS,32,23.378,23.5,1/13/24
Jaylen Brown,BOS,21,23.316,26.5,1/17/24
Jaylen Brown,BOS,13,23.051,24.5,1/19/24
Jaylen Brown,BOS,18,22.952,22.5,1/25/24
Jaylen Brown,BOS,8,22.605,23.5,1/27/24
Jaylen Brown,BOS,22,22.591,23.5,1/29/24
Jaylen Brown,BOS,25,22.644,22.5,1/30/24
Derrick White,BOS,30,15.957,15.5,12/19/23
Derrick White,BOS,18,16.577,16.5,12/25/23
Derrick White,BOS,19,17.033,16.5,1/2/24
Derrick White,BOS,10,16.806,16.5,1/5/24
Derrick White,BOS,7,16.5,16.5,1/6/24
Derrick White,BOS,13,15.694,12.5,1/13/24
Derrick White,BOS,24,16.079,12.5,1/19/24
Derrick White,BOS,15,15.927,14.5,1/25/24
Derrick White,BOS,2,15.595,15.5,1/27/24
Derrick White,BOS,24,15.818,15.5,1/30/24
Al Horford,BOS,0,8.667,9.5,1/27/24
Mikal Bridges,BRK,15,21.667,21.5,12/20/23
Mikal Bridges,BRK,14,21.393,19.5,12/22/23
Mikal Bridges,BRK,29,21.655,21.5,12/23/23
Mikal Bridges,BRK,21,21.633,22.5,12/26/23
Mikal Bridges,BRK,6,21.129,22.5,12/27/23
Mikal Bridges,BRK,19,21.062,22.5,12/29/23
Mikal Bridges,BRK,22,21.091,22.5,12/31/23
Mikal Bridges,BRK,13,20.853,22.5,1/2/24
Mikal Bridges,BRK,17,20.583,20.5,1/5/24
Mikal Bridges,BRK,42,21.162,20.5,1/7/24
Mikal Bridges,BRK,26,21.289,22.5,1/11/24
Mikal Bridges,BRK,26,21.41,22.5,1/15/24
Mikal Bridges,BRK,21,21.4,24.5,1/17/24
Mikal Bridges,BRK,17,21.293,24.5,1/19/24
Mikal Bridges,BRK,26,21.405,22.5,1/21/24
Mikal Bridges,BRK,36,21.744,21.5,1/23/24
Mikal Bridges,BRK,21,21.727,22.5,1/25/24
Mikal Bridges,BRK,19,21.667,23.5,1/27/24
Mikal Bridges,BRK,33,21.913,22.5,1/29/24
Spencer Dinwiddie,BRK,10,14.769,16.5,12/20/23
Spencer Dinwiddie,BRK,6,14.444,14.5,12/22/23
Spencer Dinwiddie,BRK,14,14.429,14.5,12/23/23
Spencer Dinwiddie,BRK,9,14.241,14.5,12/26/23
Spencer Dinwiddie,BRK,17,14.333,14.5,12/29/23
Spencer Dinwiddie,BRK,13,14.29,14.5,12/31/23
Spencer Dinwiddie,BRK,0,13.844,14.5,1/2/24
Spencer Dinwiddie,BRK,23,14.029,13.5,1/5/24
Spencer Dinwiddie,BRK,5,13.771,14.5,1/7/24
Spencer Dinwiddie,BRK,2,13.444,13.5,1/11/24
Spencer Dinwiddie,BRK,16,13.525,12.5,1/21/24
Spencer Dinwiddie,BRK,0,13.195,13.5,1/23/24
Spencer Dinwiddie,BRK,10,13.14,11.5,1/27/24
Spencer Dinwiddie,BRK,2,12.886,12.5,1/29/24
Dorian Finney-Smith,BRK,9,10,8.5,1/7/24
Dorian Finney-Smith,BRK,0,9.583,8.5,1/11/24
Dorian Finney-Smith,BRK,0,8.75,8.5,1/21/24
Dorian Finney-Smith,BRK,5,8.621,7.5,1/23/24
Dorian Finney-Smith,BRK,19,8.935,9.5,1/27/24
Cameron Johnson,BRK,20,14.25,13.5,12/20/23
Cameron Johnson,BRK,17,14.381,13.5,12/22/23
Cameron Johnson,BRK,18,14.545,14.5,12/23/23
Cameron Johnson,BRK,24,14.957,14.5,12/26/23
Cameron Johnson,BRK,16,15,15.5,12/29/23
Cameron Johnson,BRK,13,14.92,15.5,12/31/23
Cameron Johnson,BRK,17,15,14.5,1/2/24
Cameron Johnson,BRK,9,14.786,15.5,1/5/24
Cameron Johnson,BRK,17,14.862,15.5,1/7/24
Cameron Johnson,BRK,3,14.467,15.5,1/11/24
Cameron Johnson,BRK,6,14.194,14.5,1/15/24
Cameron Johnson,BRK,10,14.03,13.5,1/19/24
Cameron Johnson,BRK,9,13.882,13.5,1/21/24
Cameron Johnson,BRK,19,14.029,12.5,1/23/24
Cameron Johnson,BRK,17,13.865,12.5,1/29/24
DeMar DeRozan,CHI,27,22.37,22.5,12/20/23
DeMar DeRozan,CHI,21,22.321,22.5,12/21/23
DeMar DeRozan,CHI,21,22.276,23.5,12/23/23
DeMar DeRozan,CHI,25,22.367,25.5,12/26/23
DeMar DeRozan,CHI,21,22.323,26.5,12/28/23
DeMar DeRozan,CHI,24,22.375,24.5,12/30/23
DeMar DeRozan,CHI,16,22.182,23.5,1/2/24
DeMar DeRozan,CHI,18,22.083,20.5,1/8/24
DeMar DeRozan,CHI,19,22,19.5,1/10/24
DeMar DeRozan,CHI,39,22.447,20.5,1/12/24
DeMar DeRozan,CHI,6,21.975,20.5,1/15/24
DeMar DeRozan,CHI,24,22.024,20.5,1/18/24
DeMar DeRozan,CHI,18,21.929,24.5,1/20/24
DeMar DeRozan,CHI,21,21.907,22.5,1/22/24
DeMar DeRozan,CHI,32,22.136,22.5,1/25/24
DeMar DeRozan,CHI,20,22.089,25.5,1/28/24
DeMar DeRozan,CHI,25,22.152,23.5,1/30/24
Coby White,CHI,17,17.483,22.5,12/20/23
Coby White,CHI,22,17.633,22.5,12/21/23
Coby White,CHI,17,17.613,21.5,12/23/23
Coby White,CHI,16,17.606,24.5,12/28/23
Coby White,CHI,20,17.676,21.5,12/30/23
Coby White,CHI,14,17.571,22.5,1/2/24
Coby White,CHI,27,18.158,18.5,1/8/24
Coby White,CHI,30,18.462,19.5,1/10/24
Coby White,CHI,25,18.625,20.5,1/12/24
Coby White,CHI,18,18.524,18.5,1/15/24
Coby White,CHI,23,18.628,19.5,1/18/24
Coby White,CHI,17,18.591,22.5,1/20/24
Coby White,CHI,26,18.756,20.5,1/22/24
Coby White,CHI,25,18.891,21.5,1/25/24
Coby White,CHI,15,18.809,22.5,1/28/24
Coby White,CHI,13,18.688,24.5,1/30/24
Zach LaVine,CHI,25,21.4,20.5,1/12/24
Zach LaVine,CHI,10,20.857,20.5,1/13/24
Zach LaVine,CHI,17,20.682,19.5,1/15/24
Zach LaVine,CHI,8,20.13,19.5,1/18/24
Patrick Williams,CHI,15,11.105,12.5,12/20/23
Patrick Williams,CHI,13,11.524,12.5,12/23/23
Patrick Williams,CHI,22,11.739,14.5,12/28/23
Patrick Williams,CHI,3,11.44,13.5,1/2/24
Patrick Williams,CHI,6,11.1,10.5,1/25/24
Alex Caruso,CHI,10,10.385,8.5,12/23/23
Alex Caruso,CHI,15,10.733,12.5,12/28/23
Alex Caruso,CHI,8,10.765,11.5,1/2/24
Alex Caruso,CHI,10,10.435,8.5,1/15/24
Alex Caruso,CHI,10,10.417,9.5,1/18/24
Alex Caruso,CHI,8,10.32,11.5,1/20/24
Alex Caruso,CHI,17,10.741,10.5,1/25/24
Alex Caruso,CHI,9,10.679,10.5,1/28/24
Alex Caruso,CHI,11,10.69,12.5,1/30/24
Miles Bridges,CHO,19,19.846,21.5,12/20/23
Miles Bridges,CHO,22,20,18.5,12/23/23
Miles Bridges,CHO,20,20.062,21.5,12/28/23
Miles Bridges,CHO,26,19.889,20.5,1/1/24
Miles Bridges,CHO,28,20.65,20.5,1/5/24
Miles Bridges,CHO,24,20.81,23.5,1/8/24
Miles Bridges,CHO,24,20.955,24.5,1/10/24
Miles Bridges,CHO,20,20.625,22.5,1/14/24
Miles Bridges,CHO,19,20.56,19.5,1/17/24
Miles Bridges,CHO,23,20.654,22.5,1/19/24
Miles Bridges,CHO,25,20.815,18.5,1/20/24
Miles Bridges,CHO,28,21.071,19.5,1/22/24
Miles Bridges,CHO,20,21.034,24.5,1/24/24
Miles Bridges,CHO,21,21.033,23.5,1/26/24
Miles Bridges,CHO,21,21.032,23.5,1/27/24
Terry Rozier,CHO,25,23.176,22.5,12/20/23
Terry Rozier,CHO,25,23.176,22.5,12/20/23
Terry Rozier,CHO,25,21.709,22.5,12/20/23
Terry Rozier,CHO,25,21.709,22.5,12/20/23
Terry Rozier,CHO,18,22.889,23.5,12/26/23
Terry Rozier,CHO,18,22.889,23.5,12/26/23
Terry Rozier,CHO,18,21.643,23.5,12/26/23
Terry Rozier,CHO,18,21.643,23.5,12/26/23
Terry Rozier,CHO,18,22.632,24.5,12/28/23
Terry Rozier,CHO,18,22.632,24.5,12/28/23
Terry Rozier,CHO,18,21.579,24.5,12/28/23
Terry Rozier,CHO,18,21.579,24.5,12/28/23
Terry Rozier,CHO,15,23.682,23.5,1/5/24
Terry Rozier,CHO,15,23.682,23.5,1/5/24
Terry Rozier,CHO,15,22.017,23.5,1/5/24
Terry Rozier,CHO,15,22.017,23.5,1/5/24
Terry Rozier,CHO,39,24.348,24.5,1/8/24
Terry Rozier,CHO,39,24.348,24.5,1/8/24
Terry Rozier,CHO,39,22.295,24.5,1/8/24
Terry Rozier,CHO,39,22.295,24.5,1/8/24
Terry Rozier,CHO,22,24.25,26.5,1/10/24
Terry Rozier,CHO,22,24.25,26.5,1/10/24
Terry Rozier,CHO,22,22.29,26.5,1/10/24
Terry Rozier,CHO,22,22.29,26.5,1/10/24
Terry Rozier,CHO,26,24,27.5,1/14/24
Terry Rozier,CHO,26,24,27.5,1/14/24
Terry Rozier,CHO,26,22.25,27.5,1/14/24
Terry Rozier,CHO,26,22.25,27.5,1/14/24
Terry Rozier,CHO,25,24.037,20.5,1/17/24
Terry Rozier,CHO,25,24.037,20.5,1/17/24
Terry Rozier,CHO,25,22.292,20.5,1/17/24
Terry Rozier,CHO,25,22.292,20.5,1/17/24
Terry Rozier,CHO,17,23.786,24.5,1/19/24
Terry Rozier,CHO,17,23.786,24.5,1/19/24
Terry Rozier,CHO,17,22.212,24.5,1/19/24
Terry Rozier,CHO,17,22.212,24.5,1/19/24
Terry Rozier,CHO,19,23.621,20.5,1/20/24
Terry Rozier,CHO,19,23.621,20.5,1/20/24
Terry Rozier,CHO,19,22.164,20.5,1/20/24
Terry Rozier,CHO,19,22.164,20.5,1/20/24
Terry Rozier,MIA,21,22.242,16.5,1/29/24
Terry Rozier,MIA,21,22.242,16.5,1/29/24
Terry Rozier,MIA,21,21.606,16.5,1/29/24
Terry Rozier,MIA,21,21.606,16.5,1/29/24
LaMelo Ball,CHO,21,24.647,28.5,1/14/24
LaMelo Ball,CHO,29,24.889,22.5,1/17/24
LaMelo Ball,CHO,28,25.053,25.5,1/19/24
LaMelo Ball,CHO,18,24.7,21.5,1/22/24
LaMelo Ball,CHO,17,24.333,27.5,1/24/24
LaMelo Ball,CHO,15,23.909,26.5,1/26/24
Grant Williams,DAL,9,9.583,9.5,12/20/23
Grant Williams,DAL,9,9.583,9.5,12/20/23
Grant Williams,DAL,9,9.351,9.5,12/20/23
Grant Williams,DAL,9,9.351,9.5,12/20/23
Gordon Hayward,CHO,11,15.043,16.5,12/20/23
Gordon Hayward,CHO,8,14.75,14.5,12/23/23
Brandon Miller,CHO,21,14.944,16.5,12/20/23
Brandon Miller,CHO,4,14.368,17.5,12/23/23
Brandon Miller,CHO,15,14.773,15.5,1/1/24
Brandon Miller,CHO,23,14.321,13.5,1/20/24
Brandon Miller,CHO,23,15.033,,1/24/24
Brandon Miller,CHO,5,14.71,17.5,1/26/24
Brandon Miller,CHO,12,14.625,16.5,1/27/24
Donovan Mitchell,CLE,34,28,29.5,12/29/23
Donovan Mitchell,CLE,26,27.917,29.5,1/1/24
Donovan Mitchell,CLE,22,27.68,30.5,1/3/24
Donovan Mitchell,CLE,26,27.615,29.5,1/5/24
Donovan Mitchell,CLE,17,27.222,28.5,1/7/24
Donovan Mitchell,CLE,45,27.857,26.5,1/11/24
Donovan Mitchell,CLE,34,28.069,31.5,1/15/24
Donovan Mitchell,CLE,31,28.167,33.5,1/17/24
Donovan Mitchell,CLE,25,27.75,31.5,1/22/24
Donovan Mitchell,CLE,23,27.606,31.5,1/24/24
Donovan Mitchell,CLE,32,27.735,30.5,1/26/24
Donovan Mitchell,CLE,28,27.743,29.5,1/29/24
Max Strus,CLE,18,13.893,15.5,12/20/23
Max Strus,CLE,26,14.267,19.5,12/23/23
Max Strus,CLE,6,13.758,16.5,1/1/24
Max Strus,CLE,24,14.059,15.5,1/3/24
Max Strus,CLE,9,13.914,15.5,1/5/24
Max Strus,CLE,8,13.75,14.5,1/7/24
Max Strus,CLE,0,13.378,13.5,1/11/24
Max Strus,CLE,10,12.829,12.5,1/22/24
Max Strus,CLE,14,12.857,11.5,1/24/24
Max Strus,CLE,11,12.814,11.5,1/26/24
Max Strus,CLE,14,12.841,11.5,1/29/24
Jarrett Allen,CLE,17,13,15.5,12/20/23
Jarrett Allen,CLE,19,13.28,15.5,12/23/23
Jarrett Allen,CLE,16,14.357,17.5,1/1/24
Jarrett Allen,CLE,17,14.448,19.5,1/3/24
Jarrett Allen,CLE,12,14.367,18.5,1/5/24
Jarrett Allen,CLE,29,14.839,16.5,1/7/24
Jarrett Allen,CLE,12,14.75,17.5,1/11/24
Jarrett Allen,CLE,10,14.606,17.5,1/15/24
Jarrett Allen,CLE,21,14.794,16.5,1/17/24
Jarrett Allen,CLE,14,14.75,16.5,1/22/24
Jarrett Allen,CLE,21,14.919,14.5,1/24/24
Jarrett Allen,CLE,24,15.158,16.5,1/26/24
Jarrett Allen,CLE,20,15.282,16.5,1/29/24
Isaac Okoro,CLE,12,11.4,10.5,12/23/23
Isaac Okoro,CLE,9,12.071,11.5,1/3/24
Isaac Okoro,CLE,8,11.8,10.5,1/5/24
Isaac Okoro,CLE,3,11.25,10.5,1/7/24
Isaac Okoro,CLE,12,11.294,9.5,1/11/24
Isaac Okoro,CLE,8,10.905,10.5,1/22/24
Isaac Okoro,CLE,10,10.864,,1/24/24
Isaac Okoro,CLE,3,10.522,8.5,1/26/24
Isaac Okoro,CLE,17,10.792,7.5,1/29/24
Kyrie Irving,DAL,29,22.842,21.5,1/3/24
Kyrie Irving,DAL,24,22.9,24.5,1/5/24
Kyrie Irving,DAL,33,23.909,25.5,1/9/24
Kyrie Irving,DAL,44,24.783,30.5,1/11/24
Kyrie Irving,DAL,33,25.125,32.5,1/13/24
Kyrie Irving,DAL,42,25.8,33.5,1/15/24
Kyrie Irving,DAL,23,25.185,26.5,1/22/24
Tim Hardaway Jr.,DAL,18,19,18.5,12/25/23
Tim Hardaway Jr.,DAL,41,24,22.5,1/15/24
Josh Green,DAL,13,8,9.5,1/15/24
Dereck Lively II,DAL,20,9.087,8.5,12/25/23
Dereck Lively II,DAL,0,8.464,9.5,1/3/24
Dereck Lively II,DAL,6,8.548,7.5,1/22/24
Dereck Lively II,DAL,9,8.545,8.5,1/26/24
Dereck Lively II,DAL,20,9,8.5,1/29/24
Derrick Jones Jr.,DAL,19,9.96,10.5,12/20/23
Derrick Jones Jr.,DAL,23,10.214,10.5,12/25/23
Derrick Jones Jr.,DAL,5,10.03,10.5,1/3/24
Derrick Jones Jr.,DAL,11,10.167,10.5,1/9/24
Derrick Jones Jr.,DAL,9,10.135,12.5,1/11/24
Derrick Jones Jr.,DAL,5,10.3,8.5,1/22/24
Kentavious Caldwell-Pope,DEN,10,10.481,8.5,12/20/23
Kentavious Caldwell-Pope,DEN,3,10.214,8.5,12/22/23
Kentavious Caldwell-Pope,DEN,16,10.167,8.5,12/25/23
Kentavious Caldwell-Pope,DEN,12,10.226,9.5,12/28/23
Kentavious Caldwell-Pope,DEN,5,10,9.5,1/1/24
Kentavious Caldwell-Pope,DEN,8,9.941,9.5,1/4/24
Kentavious Caldwell-Pope,DEN,18,10.056,9.5,1/7/24
Kentavious Caldwell-Pope,DEN,12,10.108,9.5,1/10/24
Kentavious Caldwell-Pope,DEN,11,10.132,10.5,1/12/24
Kentavious Caldwell-Pope,DEN,11,10.154,10.5,1/14/24
Kentavious Caldwell-Pope,DEN,13,10.225,10.5,1/16/24
Kentavious Caldwell-Pope,DEN,5,10.098,9.5,1/19/24
Kentavious Caldwell-Pope,DEN,10,10.095,10.5,1/21/24
Kentavious Caldwell-Pope,DEN,14,10.186,9.5,1/23/24
Kentavious Caldwell-Pope,DEN,5,10.068,9.5,1/25/24
Kentavious Caldwell-Pope,DEN,8,10.022,10.5,1/27/24
Kentavious Caldwell-Pope,DEN,12,10.065,10.5,1/29/24
Aaron Gordon,DEN,12,13.28,13.5,12/20/23
Aaron Gordon,DEN,18,13.462,13.5,12/22/23
Aaron Gordon,DEN,16,13.571,14.5,12/25/23
Aaron Gordon,DEN,30,14,14.5,1/4/24
Aaron Gordon,DEN,8,13.875,15.5,1/7/24
Aaron Gordon,DEN,12,13.818,14.5,1/10/24
Aaron Gordon,DEN,15,13.853,13.5,1/12/24
Aaron Gordon,DEN,20,14.029,13.5,1/14/24
Aaron Gordon,DEN,16,14.083,14.5,1/16/24
Aaron Gordon,DEN,2,13.757,14.5,1/19/24
Aaron Gordon,DEN,11,13.684,15.5,1/21/24
Aaron Gordon,DEN,9,13.564,15.5,1/23/24
Aaron Gordon,DEN,12,13.525,12.5,1/25/24
Aaron Gordon,DEN,18,13.634,14.5,1/27/24
Aaron Gordon,DEN,8,13.5,14.5,1/29/24
Jamal Murray,DEN,20,18.4,19.5,12/20/23
Jamal Murray,DEN,32,19.25,20.5,12/22/23
Jamal Murray,DEN,28,19.778,21.5,12/25/23
Jamal Murray,DEN,23,19.947,23.5,12/28/23
Jamal Murray,DEN,9,19.4,22.5,12/29/23
Jamal Murray,DEN,25,19.667,22.5,1/1/24
Jamal Murray,DEN,25,19.909,21.5,1/4/24
Jamal Murray,DEN,37,20.625,21.5,1/7/24
Jamal Murray,DEN,17,20.48,23.5,1/10/24
Jamal Murray,DEN,20,20.462,23.5,1/12/24
Jamal Murray,DEN,25,20.63,23.5,1/14/24
Jamal Murray,DEN,35,21,22.5,1/19/24
Jamal Murray,DEN,19,20.933,24.5,1/21/24
Jamal Murray,DEN,31,21.258,24.5,1/23/24
Jamal Murray,DEN,9,20.875,24.5,1/25/24
Jamal Murray,DEN,23,20.939,23.5,1/27/24
Jamal Murray,DEN,35,21.353,24.5,1/29/24
Michael Porter Jr.,DEN,12,16.31,14.5,12/20/23
Michael Porter Jr.,DEN,15,16.267,14.5,12/22/23
Michael Porter Jr.,DEN,19,16.531,15.5,12/25/23
Michael Porter Jr.,DEN,8,16.273,17.5,12/28/23
Michael Porter Jr.,DEN,12,16.147,16.5,12/29/23
Michael Porter Jr.,DEN,22,16.314,16.5,1/1/24
Michael Porter Jr.,DEN,8,16.083,16.5,1/4/24
Michael Porter Jr.,DEN,18,16.289,16.5,1/7/24
Michael Porter Jr.,DEN,5,16,16.5,1/10/24
Michael Porter Jr.,DEN,20,16.1,14.5,1/12/24
Michael Porter Jr.,DEN,25,16.317,15.5,1/14/24
Michael Porter Jr.,DEN,13,16.326,15.5,1/19/24
Michael Porter Jr.,DEN,19,16.386,16.5,1/21/24
Michael Porter Jr.,DEN,5,16.133,16.5,1/23/24
Michael Porter Jr.,DEN,5,15.891,13.5,1/25/24
Michael Porter Jr.,DEN,20,15.979,15.5,1/27/24
Cade Cunningham,DET,28,22.429,24.5,12/21/23
Cade Cunningham,DET,22,22.414,23.5,12/23/23
Cade Cunningham,DET,41,23.033,22.5,12/26/23
Cade Cunningham,DET,31,23.29,23.5,12/28/23
Cade Cunningham,DET,30,23.5,25.5,12/30/23
Cade Cunningham,DET,6,22.97,25.5,1/1/24
Cade Cunningham,DET,31,23.206,23.5,1/3/24
Cade Cunningham,DET,30,23.4,25.5,1/5/24
Cade Cunningham,DET,3,22.833,24.5,1/7/24
Simone Fontecchio,UTA,9,11.538,9.5,12/20/23
Simone Fontecchio,UTA,9,11.538,9.5,12/20/23
Simone Fontecchio,UTA,9,10.745,9.5,12/20/23
Simone Fontecchio,UTA,9,10.745,9.5,12/20/23
Simone Fontecchio,UTA,16,12.824,11.5,1/3/24
Simone Fontecchio,UTA,16,12.824,11.5,1/3/24
Simone Fontecchio,UTA,16,11.235,11.5,1/3/24
Simone Fontecchio,UTA,16,11.235,11.5,1/3/24
Simone Fontecchio,UTA,7,12.5,9.5,1/5/24
Simone Fontecchio,UTA,7,12.5,9.5,1/5/24
Simone Fontecchio,UTA,7,11.154,9.5,1/5/24
Simone Fontecchio,UTA,7,11.154,9.5,1/5/24
Simone Fontecchio,UTA,7,12.211,9.5,1/6/24
Simone Fontecchio,UTA,7,12.211,9.5,1/6/24
Simone Fontecchio,UTA,7,11.075,9.5,1/6/24
Simone Fontecchio,UTA,7,11.075,9.5,1/6/24
Simone Fontecchio,UTA,3,11.429,8.5,1/10/24
Simone Fontecchio,UTA,3,11.429,8.5,1/10/24
Simone Fontecchio,UTA,3,10.818,8.5,1/10/24
Simone Fontecchio,UTA,3,10.818,8.5,1/10/24
Simone Fontecchio,UTA,13,11.5,8.5,1/12/24
Simone Fontecchio,UTA,13,11.5,8.5,1/12/24
Simone Fontecchio,UTA,13,10.857,8.5,1/12/24
Simone Fontecchio,UTA,13,10.857,8.5,1/12/24
Simone Fontecchio,UTA,0,11,8.5,1/13/24
Simone Fontecchio,UTA,0,11,8.5,1/13/24
Simone Fontecchio,UTA,0,10.667,8.5,1/13/24
Simone Fontecchio,UTA,0,10.667,8.5,1/13/24
Simone Fontecchio,UTA,10,10.885,8.5,1/20/24
Simone Fontecchio,UTA,10,10.885,8.5,1/20/24
Simone Fontecchio,UTA,10,10.633,8.5,1/20/24
Simone Fontecchio,UTA,10,10.633,8.5,1/20/24
Simone Fontecchio,UTA,18,11.148,8.5,1/23/24
Simone Fontecchio,UTA,18,11.148,8.5,1/23/24
Simone Fontecchio,UTA,18,10.754,8.5,1/23/24
Simone Fontecchio,UTA,18,10.754,8.5,1/23/24
Simone Fontecchio,UTA,10,11.107,10.5,1/25/24
Simone Fontecchio,UTA,10,11.107,10.5,1/25/24
Simone Fontecchio,UTA,10,10.742,10.5,1/25/24
Simone Fontecchio,UTA,10,10.742,10.5,1/25/24
Simone Fontecchio,UTA,5,10.897,9.5,1/27/24
Simone Fontecchio,UTA,5,10.897,9.5,1/27/24
Simone Fontecchio,UTA,5,10.651,9.5,1/27/24
Simone Fontecchio,UTA,5,10.651,9.5,1/27/24
Simone Fontecchio,UTA,5,10.7,7.5,1/29/24
Simone Fontecchio,UTA,5,10.7,7.5,1/29/24
Simone Fontecchio,UTA,5,10.562,7.5,1/29/24
Simone Fontecchio,UTA,5,10.562,7.5,1/29/24
Simone Fontecchio,UTA,14,10.806,7.5,1/30/24
Simone Fontecchio,UTA,14,10.806,7.5,1/30/24
Simone Fontecchio,UTA,14,10.615,7.5,1/30/24
Simone Fontecchio,UTA,14,10.615,7.5,1/30/24
Isaiah Stewart,DET,20,10.481,8.5,12/23/23
Isaiah Stewart,DET,12,10.774,9.5,1/17/24
Isaiah Stewart,DET,11,10.788,10.5,1/27/24
Isaiah Stewart,DET,11,10.794,9.5,1/28/24
Jalen Duren,DET,12,12.941,13.5,1/1/24
Jalen Duren,DET,17,13.167,12.5,1/3/24
Jalen Duren,DET,13,13.158,13.5,1/5/24
Jalen Duren,DET,20,13.5,12.5,1/7/24
Jalen Duren,DET,16,13.619,13.5,1/9/24
Jalen Duren,DET,15,14,14.5,1/12/24
Jalen Duren,DET,16,14.32,14.5,1/17/24
Jalen Duren,DET,8,14.077,15.5,1/20/24
Jalen Duren,DET,12,14,14.5,1/22/24
Jalen Duren,DET,14,14,14.5,1/24/24
Jalen Duren,DET,10,13.862,14.5,1/27/24
Jalen Duren,DET,22,14.133,13.5,1/28/24
Jaden Ivey,DET,11,15.357,13.5,1/3/24
Jaden Ivey,DET,22,15.412,15.5,1/9/24
Jaden Ivey,DET,18,15.737,18.5,1/12/24
Jaden Ivey,DET,32,16.905,17.5,1/17/24
Jaden Ivey,DET,18,16.955,20.5,1/20/24
Jaden Ivey,DET,17,16.957,20.5,1/22/24
Killian Hayes,DET,4,9.955,10.5,1/9/24
Killian Hayes,DET,8,9.231,,1/17/24
Killian Hayes,DET,2,8.963,6.5,1/20/24
Killian Hayes,DET,2,8.714,,1/22/24
Stephen Curry,GSW,33,28.24,28.5,12/19/23
Stephen Curry,GSW,30,28.308,29.5,12/22/23
Stephen Curry,GSW,18,27.893,28.5,12/25/23
Stephen Curry,GSW,13,27.379,27.5,12/28/23
Stephen Curry,GSW,25,27.3,28.5,12/30/23
Stephen Curry,GSW,36,27.581,28.5,1/2/24
Stephen Curry,GSW,30,27.656,27.5,1/4/24
Stephen Curry,GSW,9,27.059,30.5,1/7/24
Stephen Curry,GSW,15,26.714,28.5,1/10/24
Stephen Curry,GSW,27,26.722,27.5,1/12/24
Stephen Curry,GSW,26,26.703,26.5,1/15/24
Stephen Curry,GSW,25,26.658,28.5,1/24/24
Stephen Curry,GSW,33,26.821,27.5,1/25/24
Stephen Curry,GSW,46,27.3,27.5,1/27/24
Stephen Curry,GSW,37,27.537,27.5,1/30/24
Klay Thompson,GSW,24,17.115,19.5,12/19/23
Klay Thompson,GSW,20,17.222,21.5,12/22/23
Klay Thompson,GSW,9,17.31,20.5,12/25/23
Klay Thompson,GSW,13,17.167,18.5,12/28/23
Klay Thompson,GSW,3,16.71,17.5,12/30/23
Klay Thompson,GSW,15,16.656,15.5,1/2/24
Klay Thompson,GSW,24,16.879,15.5,1/4/24
Klay Thompson,GSW,25,17.171,18.5,1/7/24
Klay Thompson,GSW,13,17.056,18.5,1/10/24
Klay Thompson,GSW,30,17.405,18.5,1/12/24
Klay Thompson,GSW,21,17.5,19.5,1/13/24
Klay Thompson,GSW,9,17.282,18.5,1/15/24
Klay Thompson,GSW,24,17.45,19.5,1/24/24
Klay Thompson,GSW,16,17.415,19.5,1/25/24
Klay Thompson,GSW,24,17.571,18.5,1/27/24
Chris Paul,GSW,12,13.667,11.5,1/2/24
Chris Paul,GSW,9,13.2,10.5,1/4/24
Andrew Wiggins,GSW,7,11.708,13.5,1/13/24
Andrew Wiggins,GSW,17,12.074,12.5,1/25/24
Andrew Wiggins,GSW,22,12.429,14.5,1/27/24
Andrew Wiggins,GSW,23,12.793,13.5,1/30/24
Draymond Green,GSW,9,9.529,9.5,1/30/24
Brandin Podziemski,GSW,13,10.857,10.5,12/25/23
Jonathan Kuminga,GSW,13,15.125,12.5,12/25/23
Jonathan Kuminga,GSW,10,14.556,12.5,12/28/23
Jonathan Kuminga,GSW,19,15.091,12.5,1/2/24
Jonathan Kuminga,GSW,16,15.167,13.5,1/4/24
Jonathan Kuminga,GSW,26,15.647,19.5,1/30/24
Fred VanVleet,HOU,32,17.708,18.5,12/20/23
Fred VanVleet,HOU,10,17.4,20.5,12/22/23
Fred VanVleet,HOU,10,17.115,17.5,12/23/23
Fred VanVleet,HOU,18,17.148,19.5,12/26/23
Fred VanVleet,HOU,21,17.484,18.5,1/3/24
Fred VanVleet,HOU,7,17.156,18.5,1/5/24
Fred VanVleet,HOU,14,17.061,18.5,1/6/24
Fred VanVleet,HOU,32,17.5,16.5,1/8/24
Fred VanVleet,HOU,20,17.571,17.5,1/10/24
Fred VanVleet,HOU,20,17.639,19.5,1/12/24
Fred VanVleet,HOU,5,17.297,17.5,1/13/24
Fred VanVleet,HOU,8,17.053,17.5,1/15/24
Fred VanVleet,HOU,24,17.231,15.5,1/17/24
Fred VanVleet,HOU,18,17.25,17.5,1/20/24
Fred VanVleet,HOU,18,17.268,16.5,1/24/24
Fred VanVleet,HOU,14,17.19,16.5,1/26/24
Fred VanVleet,HOU,13,17.093,15.5,1/27/24
Fred VanVleet,HOU,3,16.773,14.5,1/29/24
Jabari Smith Jr.,HOU,34,13.2,13.5,12/20/23
Jabari Smith Jr.,HOU,21,13.5,14.5,12/22/23
Jabari Smith Jr.,HOU,26,13.963,14.5,12/23/23
Jabari Smith Jr.,HOU,10,13.821,17.5,12/26/23
Jabari Smith Jr.,HOU,7,13.29,13.5,1/3/24
Jabari Smith Jr.,HOU,16,13.375,12.5,1/5/24
Jabari Smith Jr.,HOU,14,13.394,13.5,1/6/24
Jabari Smith Jr.,HOU,10,13.294,13.5,1/8/24
Jabari Smith Jr.,HOU,18,13.429,13.5,1/10/24
Jabari Smith Jr.,HOU,19,13.583,15.5,1/12/24
Jabari Smith Jr.,HOU,9,13.459,13.5,1/13/24
Jabari Smith Jr.,HOU,13,13.447,13.5,1/15/24
Jabari Smith Jr.,HOU,11,13.385,13.5,1/17/24
Jabari Smith Jr.,HOU,24,13.65,13.5,1/20/24
Jabari Smith Jr.,HOU,18,13.756,12.5,1/29/24
Dillon Brooks,HOU,19,14.24,14.5,12/20/23
Dillon Brooks,HOU,10,14.077,13.5,12/22/23
Dillon Brooks,HOU,5,13.741,13.5,12/23/23
Dillon Brooks,HOU,9,13.571,11.5,12/26/23
Dillon Brooks,HOU,18,13.667,10.5,1/15/24
Dillon Brooks,HOU,11,13.581,11.5,1/17/24
Dillon Brooks,HOU,7,13.375,11.5,1/20/24
Dillon Brooks,HOU,14,13.735,11.5,1/24/24
Dillon Brooks,HOU,12,13.686,13.5,1/26/24
Dillon Brooks,HOU,19,13.833,13.5,1/27/24
Dillon Brooks,HOU,17,13.919,11.5,1/29/24
Jalen Green,HOU,16,17.44,17.5,12/20/23
Jalen Green,HOU,17,17.423,18.5,12/22/23
Jalen Green,HOU,9,17.111,17.5,12/23/23
Jalen Green,HOU,5,16.679,17.5,12/26/23
Jalen Green,HOU,14,17.406,19.5,1/3/24
Jalen Green,HOU,20,17.485,18.5,1/5/24
Jalen Green,HOU,16,17.441,19.5,1/6/24
Jalen Green,HOU,11,17.257,18.5,1/8/24
Jalen Green,HOU,18,17.278,17.5,1/10/24
Jalen Green,HOU,28,17.568,18.5,1/12/24
Jalen Green,HOU,10,17.368,19.5,1/13/24
Jalen Green,HOU,20,17.436,16.5,1/15/24
Jalen Green,HOU,15,17.375,17.5,1/17/24
Jalen Green,HOU,7,17.122,18.5,1/20/24
Jalen Green,HOU,29,17.372,16.5,1/24/24
Jalen Green,HOU,36,17.795,17.5,1/26/24
Jalen Green,HOU,19,17.822,17.5,1/27/24
Jalen Green,HOU,34,18.174,18.5,1/29/24
Pascal Siakam,TOR,18,21.037,21.5,12/20/23
Pascal Siakam,TOR,18,21.037,21.5,12/20/23
Pascal Siakam,TOR,18,21.684,21.5,12/20/23
Pascal Siakam,TOR,18,21.684,21.5,12/20/23
Pascal Siakam,TOR,31,21.393,21.5,12/22/23
Pascal Siakam,TOR,31,21.393,21.5,12/22/23
Pascal Siakam,TOR,31,21.8,21.5,12/22/23
Pascal Siakam,TOR,31,21.8,21.5,12/22/23
Pascal Siakam,TOR,19,21.31,22.5,12/23/23
Pascal Siakam,TOR,19,21.31,22.5,12/23/23
Pascal Siakam,TOR,19,21.765,22.5,12/23/23
Pascal Siakam,TOR,19,21.765,22.5,12/23/23
Pascal Siakam,TOR,22,21.333,25.5,12/27/23
Pascal Siakam,TOR,22,21.333,25.5,12/27/23
Pascal Siakam,TOR,22,21.768,25.5,12/27/23
Pascal Siakam,TOR,22,21.768,25.5,12/27/23
Pascal Siakam,TOR,36,22.364,23.5,1/1/24
Pascal Siakam,TOR,36,22.364,23.5,1/1/24
Pascal Siakam,TOR,36,22.153,23.5,1/1/24
Pascal Siakam,TOR,36,22.153,23.5,1/1/24
Pascal Siakam,TOR,24,22.412,23.5,1/3/24
Pascal Siakam,TOR,24,22.412,23.5,1/3/24
Pascal Siakam,TOR,24,22.174,23.5,1/3/24
Pascal Siakam,TOR,24,22.174,23.5,1/3/24
Pascal Siakam,TOR,18,22.286,24.5,1/5/24
Pascal Siakam,TOR,18,22.286,24.5,1/5/24
Pascal Siakam,TOR,18,22.126,24.5,1/5/24
Pascal Siakam,TOR,18,22.126,24.5,1/5/24
Pascal Siakam,TOR,16,22.111,22.5,1/7/24
Pascal Siakam,TOR,16,22.111,22.5,1/7/24
Pascal Siakam,TOR,16,22.057,22.5,1/7/24
Pascal Siakam,TOR,16,22.057,22.5,1/7/24
Pascal Siakam,TOR,25,22.189,21.5,1/9/24
Pascal Siakam,TOR,25,22.189,21.5,1/9/24
Pascal Siakam,TOR,25,22.09,21.5,1/9/24
Pascal Siakam,TOR,25,22.09,21.5,1/9/24
Pascal Siakam,TOR,17,22.179,21.5,1/15/24
Pascal Siakam,TOR,17,22.179,21.5,1/15/24
Pascal Siakam,TOR,17,22.088,21.5,1/15/24
Pascal Siakam,TOR,17,22.088,21.5,1/15/24
Pascal Siakam,IND,26,21.93,20.5,1/25/24
Pascal Siakam,IND,26,21.93,20.5,1/25/24
Pascal Siakam,IND,26,21.979,20.5,1/25/24
Pascal Siakam,IND,26,21.979,20.5,1/25/24
Pascal Siakam,IND,31,22.136,20.5,1/26/24
Pascal Siakam,IND,31,22.136,20.5,1/26/24
Pascal Siakam,IND,31,22.073,20.5,1/26/24
Pascal Siakam,IND,31,22.073,20.5,1/26/24
Pascal Siakam,IND,19,22.067,22.5,1/28/24
Pascal Siakam,IND,19,22.067,22.5,1/28/24
Pascal Siakam,IND,19,22.041,22.5,1/28/24
Pascal Siakam,IND,19,22.041,22.5,1/28/24
Pascal Siakam,IND,23,22.087,18.5,1/30/24
Pascal Siakam,IND,23,22.087,18.5,1/30/24
Pascal Siakam,IND,23,22.051,18.5,1/30/24
Pascal Siakam,IND,23,22.051,18.5,1/30/24
Tyrese Haliburton,IND,19,24.652,24.5,12/20/23
Tyrese Haliburton,IND,17,24.333,24.5,12/21/23
Tyrese Haliburton,IND,29,24.52,24.5,12/23/23
Tyrese Haliburton,IND,33,24.846,24.5,12/26/23
Tyrese Haliburton,IND,21,24.704,26.5,12/28/23
Tyrese Haliburton,IND,22,24.607,25.5,12/30/23
Tyrese Haliburton,IND,26,24.655,25.5,1/1/24
Tyrese Haliburton,IND,31,24.867,25.5,1/3/24
Tyrese Haliburton,IND,10,24.387,27.5,1/5/24
Tyrese Haliburton,IND,17,24.156,24.5,1/6/24
Tyrese Haliburton,IND,7,23.636,23.5,1/8/24
Tyrese Haliburton,IND,13,23.257,20.5,1/30/24
Bruce Brown,IND,6,11.885,11.5,12/20/23
Bruce Brown,IND,17,11.897,11.5,1/5/24
Bruce Brown,IND,16,11.871,11.5,1/10/24
Bruce Brown,IND,12,11.875,13.5,1/12/24
Bruce Brown,IND,18,12.061,10.5,1/14/24
Bruce Brown,TOR,19,12.139,12.5,1/30/24
Myles Turner,IND,18,16.92,16.5,12/20/23
Myles Turner,IND,18,17.143,15.5,12/26/23
Myles Turner,IND,24,17.379,16.5,12/28/23
Myles Turner,IND,28,17.733,17.5,12/30/23
Myles Turner,IND,13,17.581,20.5,1/1/24
Myles Turner,IND,15,17.5,18.5,1/3/24
Myles Turner,IND,27,17.788,19.5,1/5/24
Myles Turner,IND,12,17.618,17.5,1/6/24
Myles Turner,IND,16,17.571,16.5,1/8/24
Myles Turner,IND,18,17.583,18.5,1/10/24
Myles Turner,IND,12,17.432,19.5,1/12/24
Myles Turner,IND,12,17.289,16.5,1/14/24
Myles Turner,IND,12,17.154,17.5,1/15/24
Myles Turner,IND,22,17.442,15.5,1/23/24
Myles Turner,IND,20,17.5,16.5,1/25/24
Myles Turner,IND,5,17.222,16.5,1/26/24
Myles Turner,IND,17,17.217,14.5,1/30/24
Aaron Nesmith,IND,9,12.833,11.5,1/3/24
Aaron Nesmith,IND,15,13.143,11.5,1/5/24
Aaron Nesmith,IND,10,12.7,13.5,1/10/24
Aaron Nesmith,IND,13,12.727,12.5,1/12/24
Aaron Nesmith,IND,16,12.467,11.5,1/25/24
Aaron Nesmith,IND,22,13.062,11.5,1/26/24
Aaron Nesmith,IND,16,13.235,12.5,1/28/24
Aaron Nesmith,IND,26,13.944,12.5,1/30/24
Buddy Hield,IND,25,14.5,14.5,12/20/23
Buddy Hield,IND,25,14.5,14.5,12/20/23
Buddy Hield,IND,25,13.886,14.5,12/20/23
Buddy Hield,IND,25,13.886,14.5,12/20/23
Buddy Hield,IND,2,13.88,12.5,1/26/24
Buddy Hield,IND,2,13.88,12.5,1/26/24
Buddy Hield,IND,2,13.727,12.5,1/26/24
Buddy Hield,IND,2,13.727,12.5,1/26/24
Obi Toppin,IND,6,11.72,10.5,12/20/23
James Harden,LAC,22,17.714,16.5,1/3/24
James Harden,LAC,8,17.379,17.5,1/5/24
James Harden,LAC,15,17.3,17.5,1/7/24
James Harden,LAC,14,17.25,16.5,1/10/24
James Harden,LAC,11,17.061,15.5,1/12/24
James Harden,LAC,14,16.971,14.5,1/14/24
James Harden,LAC,16,16.943,16.5,1/16/24
James Harden,LAC,24,17.139,16.5,1/21/24
James Harden,LAC,23,17.297,17.5,1/23/24
James Harden,LAC,22,17.421,18.5,1/26/24
James Harden,LAC,9,17.205,19.5,1/27/24
James Harden,LAC,11,17.05,18.5,1/29/24
Kawhi Leonard,LAC,30,24.37,28.5,12/20/23
Kawhi Leonard,LAC,30,24.552,24.5,1/3/24
Kawhi Leonard,LAC,19,24.367,26.5,1/5/24
Kawhi Leonard,LAC,15,24.065,26.5,1/7/24
Kawhi Leonard,LAC,29,24,23.5,1/10/24
Kawhi Leonard,LAC,22,23.941,23.5,1/12/24
Kawhi Leonard,LAC,26,24,23.5,1/14/24
Kawhi Leonard,LAC,16,23.778,25.5,1/16/24
Kawhi Leonard,LAC,21,23.703,24.5,1/21/24
Kawhi Leonard,LAC,25,23.737,24.5,1/23/24
Kawhi Leonard,LAC,16,23.538,24.5,1/26/24
Kawhi Leonard,LAC,26,23.6,26.5,1/27/24
Kawhi Leonard,LAC,30,23.756,24.5,1/29/24
Paul George,LAC,33,23.194,22.5,1/3/24
Paul George,LAC,24,23.219,23.5,1/5/24
Paul George,LAC,22,23.182,23.5,1/7/24
Paul George,LAC,29,23.4,23.5,1/10/24
Paul George,LAC,37,23.778,22.5,1/12/24
Paul George,LAC,16,23.568,23.5,1/14/24
Paul George,LAC,38,23.947,24.5,1/16/24
Paul George,LAC,12,23.641,24.5,1/21/24
Paul George,LAC,17,23.475,24.5,1/23/24
Paul George,LAC,21,23.415,22.5,1/26/24
Ivica Zubac,LAC,12,12.185,12.5,12/20/23
Ivica Zubac,LAC,18,12.3,12.5,12/26/23
Ivica Zubac,LAC,6,12,10.5,1/3/24
Ivica Zubac,LAC,15,12.088,9.5,1/5/24
Ivica Zubac,LAC,22,12.371,10.5,1/7/24
Ivica Zubac,LAC,12,12.541,13.5,1/10/24
Ivica Zubac,LAC,6,12.368,11.5,1/12/24
Terance Mann,LAC,8,7.292,7.5,1/5/24
Terance Mann,LAC,6,7.24,7.5,1/7/24
Terance Mann,LAC,13,7.704,7.5,1/10/24
Terance Mann,LAC,7,7.679,8.5,1/12/24
Terance Mann,LAC,2,7.483,7.5,1/14/24
Terance Mann,LAC,13,7.645,7.5,1/21/24
Terance Mann,LAC,17,7.938,7.5,1/23/24
Terance Mann,LAC,6,7.879,8.5,1/26/24
Terance Mann,LAC,14,8.059,7.5,1/27/24
Terance Mann,LAC,5,7.971,8.5,1/29/24
Anthony Davis,LAL,19,24.038,28.5,12/20/23
Anthony Davis,LAL,26,24.357,28.5,12/23/23
Anthony Davis,LAL,40,24.897,27.5,12/25/23
Anthony Davis,LAL,26,24.933,28.5,12/28/23
Anthony Davis,LAL,33,25.194,27.5,12/30/23
Anthony Davis,LAL,29,25.152,29.5,1/3/24
Anthony Davis,LAL,31,25.324,28.5,1/5/24
Anthony Davis,LAL,22,25.229,28.5,1/7/24
Anthony Davis,LAL,41,25.667,28.5,1/9/24
Anthony Davis,LAL,13,25.324,28.5,1/11/24
Anthony Davis,LAL,15,25.053,27.5,1/13/24
Anthony Davis,LAL,27,25.103,28.5,1/15/24
Anthony Davis,LAL,28,25.175,27.5,1/17/24
Anthony Davis,LAL,26,25.195,26.5,1/19/24
Anthony Davis,LAL,14,24.929,26.5,1/21/24
Anthony Davis,LAL,26,24.953,27.5,1/23/24
Anthony Davis,LAL,22,24.886,26.5,1/25/24
Anthony Davis,LAL,29,24.978,25.5,1/27/24
Anthony Davis,LAL,23,24.935,24.5,1/29/24
LeBron James,LAL,25,25.192,25.5,12/20/23
LeBron James,LAL,40,25.741,26.5,12/23/23
LeBron James,LAL,16,25.393,27.5,12/25/23
LeBron James,LAL,17,25.103,27.5,12/28/23
LeBron James,LAL,26,25.133,25.5,12/30/23
LeBron James,LAL,12,25,27.5,1/3/24
LeBron James,LAL,32,25.212,26.5,1/5/24
LeBron James,LAL,25,25.206,27.5,1/7/24
LeBron James,LAL,22,25.114,27.5,1/9/24
LeBron James,LAL,10,24.694,26.5,1/11/24
LeBron James,LAL,25,24.703,26.5,1/15/24
LeBron James,LAL,25,24.711,25.5,1/17/24
LeBron James,LAL,24,24.692,24.5,1/19/24
LeBron James,LAL,25,24.78,25.5,1/25/24
LeBron James,LAL,36,25.048,24.5,1/27/24
LeBron James,LAL,23,25,24.5,1/29/24
D'Angelo Russell,LAL,20,16.594,17.5,1/19/24
D'Angelo Russell,LAL,27,17.412,19.5,1/23/24
D'Angelo Russell,LAL,28,18.028,18.5,1/27/24
D'Angelo Russell,LAL,23,18.162,17.5,1/29/24
Austin Reaves,LAL,11,14.538,16.5,1/9/24
Austin Reaves,LAL,13,14.429,15.5,1/11/24
Austin Reaves,LAL,15,14.75,16.5,1/15/24
Austin Reaves,LAL,9,14.389,15.5,1/19/24
Austin Reaves,LAL,12,14.3,16.5,1/23/24
Austin Reaves,LAL,17,14.682,14.5,1/27/24
Austin Reaves,LAL,8,14.391,14.5,1/29/24
Taurean Prince,LAL,17,10.172,9.5,12/25/23
Taurean Prince,LAL,10,9.765,10.5,1/5/24
Taurean Prince,LAL,13,9.857,9.5,1/7/24
Taurean Prince,LAL,11,9.889,9.5,1/9/24
Taurean Prince,LAL,11,9.919,10.5,1/11/24
Taurean Prince,LAL,12,9.974,10.5,1/13/24
Taurean Prince,LAL,3,9.795,10.5,1/15/24
Taurean Prince,LAL,9,9.775,9.5,1/17/24
Taurean Prince,LAL,10,9.78,8.5,1/19/24
Taurean Prince,LAL,11,9.81,10.5,1/23/24
Taurean Prince,LAL,0,9.682,9.5,1/27/24
Taurean Prince,LAL,5,9.578,8.5,1/29/24
Cam Reddish,LAL,5,8.316,8.5,12/25/23
Cam Reddish,LAL,13,7.917,6.5,1/9/24
Cam Reddish,LAL,0,7.6,6.5,1/11/24
Ja Morant,MEM,34,34,23.5,12/19/23
Ja Morant,MEM,20,27,28.5,12/21/23
Ja Morant,MEM,30,28,27.5,12/23/23
Ja Morant,MEM,31,28.75,28.5,12/26/23
Ja Morant,MEM,17,25.167,27.5,12/31/23
Ja Morant,MEM,26,25.286,26.5,1/2/24
Ja Morant,MEM,28,25.625,25.5,1/3/24
Ja Morant,MEM,21,25.111,26.5,1/5/24
Desmond Bane,MEM,31,24.692,24.5,12/21/23
Desmond Bane,MEM,37,25.148,26.5,12/23/23
Desmond Bane,MEM,27,25.214,25.5,12/26/23
Desmond Bane,MEM,17,24.645,24.5,12/31/23
Desmond Bane,MEM,24,24.625,23.5,1/2/24
Desmond Bane,MEM,24,24.529,22.5,1/5/24
Desmond Bane,MEM,32,24.694,27.5,1/9/24
Desmond Bane,MEM,15,24.432,27.5,1/12/24
Jaren Jackson Jr.,MEM,21,21.481,22.5,12/21/23
Jaren Jackson Jr.,MEM,20,21.429,21.5,12/23/23
Jaren Jackson Jr.,MEM,19,21.345,18.5,12/26/23
Jaren Jackson Jr.,MEM,18,21.031,19.5,12/31/23
Jaren Jackson Jr.,MEM,10,20.697,19.5,1/2/24
Jaren Jackson Jr.,MEM,31,21.086,18.5,1/5/24
Jaren Jackson Jr.,MEM,21,21.27,23.5,1/12/24
Jaren Jackson Jr.,MEM,36,21.564,23.5,1/18/24
Jaren Jackson Jr.,MEM,26,21.675,26.5,1/20/24
Jaren Jackson Jr.,MEM,27,21.805,26.5,1/22/24
Jaren Jackson Jr.,MEM,15,21.643,25.5,1/24/24
Jaren Jackson Jr.,MEM,30,21.837,26.5,1/26/24
Jaren Jackson Jr.,MEM,25,21.909,31.5,1/28/24
Jaren Jackson Jr.,MEM,22,21.911,27.5,1/29/24
Marcus Smart,MEM,12,13.4,11.5,12/31/23
Marcus Smart,MEM,5,12.875,13.5,1/2/24
Marcus Smart,MEM,29,13.389,11.5,1/5/24
Vince Williams Jr.,MEM,5,7,7.5,12/23/23
Vince Williams Jr.,MEM,10,9.167,12.5,1/18/24
Vince Williams Jr.,MEM,14,9.538,11.5,1/20/24
Vince Williams Jr.,MEM,18,10.143,12.5,1/22/24
Vince Williams Jr.,MEM,25,11.133,12.5,1/24/24
Vince Williams Jr.,MEM,11,11.125,13.5,1/26/24
Vince Williams Jr.,MEM,20,11.647,14.5,1/28/24
Santi Aldama,MEM,16,13.2,12.5,1/29/24
Luke Kennard,MEM,18,12.833,12.5,1/18/24
Luke Kennard,MEM,14,13,13.5,1/20/24
Luke Kennard,MEM,19,13.75,14.5,1/22/24
Luke Kennard,MEM,15,13.889,14.5,1/26/24
Bismack Biyombo,MEM,8,6.45,,12/23/23
Bam Adebayo,MIA,18,22,21.5,12/20/23
Bam Adebayo,MIA,18,21.789,22.5,12/22/23
Bam Adebayo,MIA,26,22,22.5,12/25/23
Bam Adebayo,MIA,17,21.762,22.5,12/28/23
Bam Adebayo,MIA,21,22,22.5,1/1/24
Bam Adebayo,MIA,15,21.708,22.5,1/3/24
Bam Adebayo,MIA,28,21.96,21.5,1/5/24
Bam Adebayo,MIA,22,21.962,23.5,1/8/24
Bam Adebayo,MIA,25,22.074,22.5,1/10/24
Bam Adebayo,MIA,16,21.548,22.5,1/17/24
Bam Adebayo,MIA,21,21.531,22.5,1/19/24
Bam Adebayo,MIA,22,21.545,20.5,1/21/24
Bam Adebayo,MIA,15,21.353,20.5,1/24/24
Bam Adebayo,MIA,19,21.286,19.5,1/25/24
Bam Adebayo,MIA,12,21.028,20.5,1/27/24
Bam Adebayo,MIA,8,20.676,19.5,1/29/24
Jimmy Butler,MIA,16,21.154,22.5,1/17/24
Jimmy Butler,MIA,25,21.296,23.5,1/19/24
Jimmy Butler,MIA,15,21.071,20.5,1/21/24
Jimmy Butler,MIA,28,20.968,17.5,1/27/24
Jimmy Butler,MIA,26,21.125,20.5,1/29/24
Tyler Herro,MIA,28,23.6,21.5,12/20/23
Tyler Herro,MIA,30,24.182,24.5,12/22/23
Tyler Herro,MIA,22,24,22.5,12/25/23
Tyler Herro,MIA,26,24.154,24.5,12/28/23
Tyler Herro,MIA,12,23.4,23.5,1/1/24
Tyler Herro,MIA,21,23.25,23.5,1/3/24
Tyler Herro,MIA,9,22.412,23.5,1/5/24
Tyler Herro,MIA,28,22.722,22.5,1/8/24
Tyler Herro,MIA,17,22.421,23.5,1/10/24
Tyler Herro,MIA,16,22.364,22.5,1/17/24
Tyler Herro,MIA,25,22.478,22.5,1/19/24
Tyler Herro,MIA,12,22.042,21.5,1/21/24
Tyler Herro,MIA,18,21.88,20.5,1/24/24
Tyler Herro,MIA,18,21.63,18.5,1/27/24
Tyler Herro,MIA,17,21.464,19.5,1/29/24
Jaime Jaquez Jr.,MIA,15,15.444,16.5,1/1/24
Jaime Jaquez Jr.,MIA,16,15.5,16.5,1/3/24
Jaime Jaquez Jr.,MIA,10,15,15.5,1/5/24
Jaime Jaquez Jr.,MIA,14,14.917,15.5,1/8/24
Jaime Jaquez Jr.,MIA,21,15.385,15.5,1/10/24
Kyle Lowry,MIA,3,9.538,8.5,12/20/23
Kyle Lowry,MIA,3,9.296,8.5,12/22/23
Kyle Lowry,MIA,12,9.393,6.5,12/25/23
Kyle Lowry,MIA,10,9.367,8.5,1/3/24
Kyle Lowry,MIA,6,9.156,7.5,1/8/24
Kyle Lowry,MIA,4,8.543,6.5,1/17/24
Caleb Martin,MIA,1,12.1,9.5,12/25/23
Damian Lillard,MIL,40,26.32,26.5,12/19/23
Damian Lillard,MIL,19,25.963,25.5,12/23/23
Damian Lillard,MIL,32,26.179,24.5,12/25/23
Damian Lillard,MIL,31,25.867,23.5,12/29/23
Damian Lillard,MIL,13,25.452,25.5,1/1/24
Damian Lillard,MIL,23,25.375,26.5,1/3/24
Damian Lillard,MIL,18,25.147,25.5,1/6/24
Damian Lillard,MIL,21,25.029,24.5,1/11/24
Damian Lillard,MIL,27,25.083,25.5,1/13/24
Damian Lillard,MIL,29,25.189,26.5,1/14/24
Damian Lillard,MIL,17,24.974,23.5,1/17/24
Damian Lillard,MIL,45,25.487,24.5,1/20/24
Damian Lillard,MIL,17,25.275,26.5,1/22/24
Damian Lillard,MIL,28,25.341,25.5,1/24/24
Damian Lillard,MIL,22,25.262,25.5,1/26/24
Damian Lillard,MIL,26,25.279,29.5,1/27/24
Damian Lillard,MIL,18,25.114,25.5,1/29/24
Giannis Antetokounmpo,MIL,11,30.615,32.5,12/19/23
Giannis Antetokounmpo,MIL,37,30.852,31.5,12/21/23
Giannis Antetokounmpo,MIL,28,30.75,31.5,12/23/23
Giannis Antetokounmpo,MIL,32,30.793,31.5,12/25/23
Giannis Antetokounmpo,MIL,32,30.833,31.5,12/27/23
Giannis Antetokounmpo,MIL,34,30.935,31.5,12/29/23
Giannis Antetokounmpo,MIL,30,30.906,35.5,1/1/24
Giannis Antetokounmpo,MIL,26,30.758,36.5,1/3/24
Giannis Antetokounmpo,MIL,44,31.147,34.5,1/4/24
Giannis Antetokounmpo,MIL,48,31.629,31.5,1/6/24
Giannis Antetokounmpo,MIL,25,31.444,35.5,1/8/24
Giannis Antetokounmpo,MIL,24,31.243,32.5,1/11/24
Giannis Antetokounmpo,MIL,33,31.289,33.5,1/13/24
Giannis Antetokounmpo,MIL,27,31.179,34.5,1/14/24
Giannis Antetokounmpo,MIL,31,31.175,32.5,1/20/24
Giannis Antetokounmpo,MIL,31,31.171,32.5,1/22/24
Giannis Antetokounmpo,MIL,35,31.262,32.5,1/24/24
Giannis Antetokounmpo,MIL,22,31.047,31.5,1/26/24
Giannis Antetokounmpo,MIL,30,31.023,33.5,1/27/24
Giannis Antetokounmpo,MIL,29,30.978,31.5,1/29/24
Brook Lopez,MIL,14,13.259,12.5,12/19/23
Brook Lopez,MIL,5,13,13.5,12/23/23
Brook Lopez,MIL,14,13.033,12.5,12/25/23
Brook Lopez,MIL,9,12.562,12.5,12/29/23
Brook Lopez,MIL,21,12.818,12.5,1/1/24
Brook Lopez,MIL,16,12.912,13.5,1/3/24
Brook Lopez,MIL,7,12.639,12.5,1/6/24
Brook Lopez,MIL,13,12.649,15.5,1/8/24
Brook Lopez,MIL,15,12.711,12.5,1/11/24
Brook Lopez,MIL,11,12.667,13.5,1/13/24
Brook Lopez,MIL,17,12.775,13.5,1/14/24
Brook Lopez,MIL,11,12.732,12.5,1/17/24
Brook Lopez,MIL,19,12.881,12.5,1/20/24
Brook Lopez,MIL,15,12.93,13.5,1/22/24
Brook Lopez,MIL,8,12.818,12.5,1/24/24
Brook Lopez,MIL,11,12.778,12.5,1/26/24
Brook Lopez,MIL,24,13.022,13.5,1/27/24
Brook Lopez,MIL,19,13.149,11.5,1/29/24
Malik Beasley,MIL,19,11.889,8.5,12/23/23
Malik Beasley,MIL,0,11.464,10.5,12/25/23
Malik Beasley,MIL,15,11.767,8.5,12/29/23
Malik Beasley,MIL,12,11.774,11.5,1/1/24
Malik Beasley,MIL,8,11.656,11.5,1/3/24
Malik Beasley,MIL,3,11.353,9.5,1/6/24
Malik Beasley,MIL,16,11.639,8.5,1/11/24
Malik Beasley,MIL,11,11.622,10.5,1/13/24
Malik Beasley,MIL,23,11.921,11.5,1/14/24
Malik Beasley,MIL,2,11.667,10.5,1/17/24
Malik Beasley,MIL,11,11.65,10.5,1/20/24
Malik Beasley,MIL,13,11.683,10.5,1/22/24
Malik Beasley,MIL,9,11.619,10.5,1/24/24
Malik Beasley,MIL,3,11.419,9.5,1/26/24
Malik Beasley,MIL,8,11.341,10.5,1/27/24
Malik Beasley,MIL,5,11.2,8.5,1/29/24
Khris Middleton,MIL,17,13.045,15.5,12/19/23
Khris Middleton,MIL,20,13.375,14.5,12/23/23
Khris Middleton,MIL,24,13.8,16.5,12/25/23
Khris Middleton,MIL,13,14.259,17.5,12/29/23
Khris Middleton,MIL,21,14.5,18.5,1/1/24
Khris Middleton,MIL,19,14.655,18.5,1/3/24
Khris Middleton,MIL,10,14.419,15.5,1/6/24
Khris Middleton,MIL,23,14.688,19.5,1/8/24
Khris Middleton,MIL,5,14.394,15.5,1/11/24
Khris Middleton,MIL,24,14.676,16.5,1/13/24
Khris Middleton,MIL,2,14.314,16.5,1/17/24
Khris Middleton,MIL,17,14.389,15.5,1/20/24
Khris Middleton,MIL,26,14.703,17.5,1/22/24
Khris Middleton,MIL,24,14.947,15.5,1/24/24
Khris Middleton,MIL,14,14.923,17.5,1/26/24
Khris Middleton,MIL,14,14.9,16.5,1/29/24
Anthony Edwards,MIN,27,24.696,26.5,12/20/23
Anthony Edwards,MIN,27,24.792,26.5,12/21/23
Anthony Edwards,MIN,34,25.16,29.5,12/23/23
Anthony Edwards,MIN,25,25.154,28.5,12/26/23
Anthony Edwards,MIN,31,26.036,28.5,12/30/23
Anthony Edwards,MIN,35,26.345,29.5,1/1/24
Anthony Edwards,MIN,35,26.633,28.5,1/3/24
Anthony Edwards,MIN,24,26.548,29.5,1/5/24
Anthony Edwards,MIN,36,26.844,30.5,1/7/24
Anthony Edwards,MIN,6,26.212,30.5,1/9/24
Anthony Edwards,MIN,29,26.294,27.5,1/10/24
Anthony Edwards,MIN,9,25.8,30.5,1/12/24
Anthony Edwards,MIN,33,26,27.5,1/14/24
Anthony Edwards,MIN,27,26.027,27.5,1/17/24
Anthony Edwards,MIN,28,26.079,25.5,1/18/24
Anthony Edwards,MIN,19,25.897,27.5,1/20/24
Anthony Edwards,MIN,9,25.475,26.5,1/22/24
Anthony Edwards,MIN,38,25.78,,1/24/24
Anthony Edwards,MIN,32,25.884,28.5,1/27/24
Anthony Edwards,MIN,27,25.909,27.5,1/29/24
Rudy Gobert,MIN,8,12.385,11.5,12/20/23
Rudy Gobert,MIN,21,12.786,14.5,12/23/23
Rudy Gobert,MIN,10,12.844,13.5,1/1/24
Rudy Gobert,MIN,5,12.606,13.5,1/3/24
Rudy Gobert,MIN,13,12.618,12.5,1/5/24
Rudy Gobert,MIN,9,12.514,13.5,1/7/24
Rudy Gobert,MIN,21,12.75,12.5,1/9/24
Rudy Gobert,MIN,24,13.054,13.5,1/12/24
Rudy Gobert,MIN,17,13.35,14.5,1/18/24
Rudy Gobert,MIN,7,13.195,15.5,1/20/24
Rudy Gobert,MIN,13,13.19,14.5,1/22/24
Rudy Gobert,MIN,19,13.326,,1/24/24
Rudy Gobert,MIN,10,13.25,14.5,1/25/24
Rudy Gobert,MIN,19,13.378,13.5,1/27/24
Rudy Gobert,MIN,12,13.348,14.5,1/29/24
Karl-Anthony Towns,MIN,23,22.231,19.5,12/20/23
Karl-Anthony Towns,MIN,21,22.185,21.5,12/21/23
Karl-Anthony Towns,MIN,16,21.964,21.5,12/26/23
Karl-Anthony Towns,MIN,10,21.552,21.5,12/28/23
Karl-Anthony Towns,MIN,9,21.133,20.5,12/30/23
Karl-Anthony Towns,MIN,29,21.387,19.5,1/1/24
Karl-Anthony Towns,MIN,22,21.406,21.5,1/3/24
Karl-Anthony Towns,MIN,22,21.424,21.5,1/5/24
Karl-Anthony Towns,MIN,24,21.5,22.5,1/7/24
Karl-Anthony Towns,MIN,28,21.686,21.5,1/9/24
Karl-Anthony Towns,MIN,14,21.625,21.5,1/18/24
Karl-Anthony Towns,MIN,19,21.561,21.5,1/20/24
Karl-Anthony Towns,MIN,62,22.524,21.5,1/22/24
Karl-Anthony Towns,MIN,27,22.628,23.5,1/24/24
Karl-Anthony Towns,MIN,27,22.727,24.5,1/25/24
Karl-Anthony Towns,MIN,19,22.644,25.5,1/27/24
Karl-Anthony Towns,MIN,21,22.609,23.5,1/29/24
Mike Conley,MIN,9,11.269,11.5,12/20/23
Mike Conley,MIN,12,11.464,13.5,12/23/23
Mike Conley,MIN,17,11.655,10.5,12/26/23
Mike Conley,MIN,5,11.5,12.5,1/1/24
Mike Conley,MIN,7,11.364,11.5,1/3/24
Mike Conley,MIN,8,11.265,10.5,1/5/24
Mike Conley,MIN,9,11.2,10.5,1/7/24
Mike Conley,MIN,11,11.194,10.5,1/9/24
Mike Conley,MIN,3,10.878,9.5,1/20/24
Mike Conley,MIN,10,10.857,9.5,1/25/24
Jaden McDaniels,MIN,20,10.941,13.5,12/23/23
Jaden McDaniels,MIN,8,10.476,11.5,1/1/24
Jaden McDaniels,MIN,11,10.5,11.5,1/3/24
Jaden McDaniels,MIN,16,10.739,10.5,1/5/24
Jaden McDaniels,MIN,2,10.375,11.5,1/7/24
Jaden McDaniels,MIN,15,10.56,11.5,1/9/24
Jaden McDaniels,MIN,11,10.867,11.5,1/18/24
Jaden McDaniels,MIN,15,11,12.5,1/20/24
Jaden McDaniels,MIN,9,10.938,12.5,1/22/24
Jaden McDaniels,MIN,13,11,11.5,1/24/24
Jaden McDaniels,MIN,7,10.829,11.5,1/27/24
Jaden McDaniels,MIN,14,10.917,10.5,1/29/24
Brandon Ingram,NOP,34,23.52,22.5,12/19/23
Brandon Ingram,NOP,24,23.143,22.5,12/26/23
Brandon Ingram,NOP,26,23.241,23.5,12/28/23
Brandon Ingram,NOP,26,23.333,22.5,12/31/23
Brandon Ingram,NOP,12,22.968,24.5,1/2/24
Brandon Ingram,NOP,12,22.515,22.5,1/5/24
Brandon Ingram,NOP,15,22.294,23.5,1/7/24
Brandon Ingram,NOP,13,22.029,22.5,1/10/24
Brandon Ingram,NOP,12,21.405,18.5,1/15/24
Brandon Ingram,NOP,28,21.579,17.5,1/17/24
Brandon Ingram,NOP,17,21.462,19.5,1/19/24
Brandon Ingram,NOP,18,21.375,20.5,1/23/24
Brandon Ingram,NOP,12,21.146,19.5,1/26/24
Brandon Ingram,NOP,26,21.262,21.5,1/27/24
Brandon Ingram,NOP,28,21.419,19.5,1/29/24
CJ McCollum,NOP,18,20.4,18.5,12/19/23
CJ McCollum,NOP,16,19.611,17.5,12/26/23
CJ McCollum,NOP,22,19.737,17.5,12/28/23
CJ McCollum,NOP,22,19.85,18.5,12/31/23
CJ McCollum,NOP,16,19.667,18.5,1/2/24
CJ McCollum,NOP,12,19.522,19.5,1/5/24
CJ McCollum,NOP,30,19.958,20.5,1/7/24
CJ McCollum,NOP,14,19.72,21.5,1/10/24
CJ McCollum,NOP,23,19.556,17.5,1/15/24
CJ McCollum,NOP,22,19.643,17.5,1/17/24
CJ McCollum,NOP,13,19.414,18.5,1/19/24
CJ McCollum,NOP,33,19.867,17.5,1/23/24
CJ McCollum,NOP,12,19.613,17.5,1/26/24
CJ McCollum,NOP,7,19.219,17.5,1/27/24
CJ McCollum,NOP,16,19.121,16.5,1/29/24
Zion Williamson,NOP,13,22.043,22.5,12/19/23
Zion Williamson,NOP,23,22.32,22.5,12/26/23
Zion Williamson,NOP,21,22.269,23.5,12/28/23
Zion Williamson,NOP,26,22.407,22.5,12/31/23
Zion Williamson,NOP,10,21.964,22.5,1/2/24
Zion Williamson,NOP,12,21.8,22.5,1/5/24
Zion Williamson,NOP,30,22.212,23.5,1/15/24
Zion Williamson,NOP,13,21.941,21.5,1/17/24
Zion Williamson,NOP,24,22,23.5,1/19/24
Zion Williamson,NOP,17,21.861,24.5,1/23/24
Zion Williamson,NOP,23,21.892,21.5,1/27/24
Zion Williamson,NOP,26,22,20.5,1/29/24
Herbert Jones,NOP,7,11.16,9.5,12/19/23
Herbert Jones,NOP,4,10.571,8.5,12/26/23
Herbert Jones,NOP,6,10.414,8.5,12/28/23
Herbert Jones,NOP,9,10.727,9.5,1/5/24
Herbert Jones,NOP,9,10.676,10.5,1/7/24
Herbert Jones,NOP,12,10.714,10.5,1/10/24
Herbert Jones,NOP,10,10.737,9.5,1/15/24
Herbert Jones,NOP,9,10.692,8.5,1/17/24
Herbert Jones,NOP,9,10.65,9.5,1/19/24
Herbert Jones,NOP,22,10.927,9.5,1/23/24
Herbert Jones,NOP,14,11,9.5,1/26/24
Herbert Jones,NOP,9,10.953,9.5,1/27/24
Herbert Jones,NOP,9,10.909,9.5,1/29/24
Jalen Brunson,NYK,16,25.259,25.5,12/20/23
Jalen Brunson,NYK,36,25.643,24.5,12/23/23
Jalen Brunson,NYK,38,26.069,26.5,12/25/23
Jalen Brunson,NYK,24,26,26.5,12/27/23
Jalen Brunson,NYK,20,25.806,26.5,12/29/23
Jalen Brunson,NYK,16,25.576,26.5,1/1/24
Jalen Brunson,NYK,31,25.735,25.5,1/3/24
Jalen Brunson,NYK,29,25.829,26.5,1/5/24
Jalen Brunson,NYK,33,26.028,26.5,1/6/24
Jalen Brunson,NYK,12,25.649,27.5,1/9/24
Jalen Brunson,NYK,30,25.763,26.5,1/11/24
Jalen Brunson,NYK,30,25.872,26.5,1/17/24
Jalen Brunson,NYK,41,26.25,28.5,1/18/24
Jalen Brunson,NYK,38,26.537,28.5,1/20/24
Jalen Brunson,NYK,30,26.619,28.5,1/23/24
Jalen Brunson,NYK,21,26.488,28.5,1/25/24
Jalen Brunson,NYK,32,26.614,27.5,1/27/24
Jalen Brunson,NYK,32,26.733,31.5,1/29/24
Jalen Brunson,NYK,29,26.783,32.5,1/30/24
OG Anunoby,TOR,9,14.739,13.5,12/20/23
OG Anunoby,TOR,9,14.739,13.5,12/20/23
OG Anunoby,TOR,9,15.094,13.5,12/20/23
OG Anunoby,TOR,9,15.094,13.5,12/20/23
OG Anunoby,TOR,12,14.625,12.5,12/22/23
OG Anunoby,TOR,12,14.625,12.5,12/22/23
OG Anunoby,TOR,12,15.046,12.5,12/22/23
OG Anunoby,TOR,12,15.046,12.5,12/22/23
OG Anunoby,TOR,19,14.8,13.5,12/23/23
OG Anunoby,TOR,19,14.8,13.5,12/23/23
OG Anunoby,TOR,19,15.106,13.5,12/23/23
OG Anunoby,TOR,19,15.106,13.5,12/23/23
OG Anunoby,TOR,26,15.231,14.5,12/27/23
OG Anunoby,TOR,26,15.231,14.5,12/27/23
OG Anunoby,TOR,26,15.269,14.5,12/27/23
OG Anunoby,TOR,26,15.269,14.5,12/27/23
OG Anunoby,NYK,11,15.034,14.5,1/3/24
OG Anunoby,NYK,11,15.034,14.5,1/3/24
OG Anunoby,NYK,11,15.186,14.5,1/3/24
OG Anunoby,NYK,11,15.186,14.5,1/3/24
OG Anunoby,NYK,11,14.9,13.5,1/5/24
OG Anunoby,NYK,11,14.9,13.5,1/5/24
OG Anunoby,NYK,11,15.127,13.5,1/5/24
OG Anunoby,NYK,11,15.127,13.5,1/5/24
OG Anunoby,NYK,9,14.71,14.5,1/6/24
OG Anunoby,NYK,9,14.71,14.5,1/6/24
OG Anunoby,NYK,9,15.042,14.5,1/6/24
OG Anunoby,NYK,9,15.042,14.5,1/6/24
OG Anunoby,NYK,23,14.969,13.5,1/9/24
OG Anunoby,NYK,23,14.969,13.5,1/9/24
OG Anunoby,NYK,23,15.151,13.5,1/9/24
OG Anunoby,NYK,23,15.151,13.5,1/9/24
OG Anunoby,NYK,10,14.818,13.5,1/11/24
OG Anunoby,NYK,10,14.818,13.5,1/11/24
OG Anunoby,NYK,10,15.081,13.5,1/11/24
OG Anunoby,NYK,10,15.081,13.5,1/11/24
OG Anunoby,NYK,18,14.912,14.5,1/13/24
OG Anunoby,NYK,18,14.912,14.5,1/13/24
OG Anunoby,NYK,18,15.12,14.5,1/13/24
OG Anunoby,NYK,18,15.12,14.5,1/13/24
OG Anunoby,NYK,14,15.053,15.5,1/20/24
OG Anunoby,NYK,14,15.053,15.5,1/20/24
OG Anunoby,NYK,14,15.177,15.5,1/20/24
OG Anunoby,NYK,14,15.177,15.5,1/20/24
OG Anunoby,NYK,10,14.923,14.5,1/23/24
OG Anunoby,NYK,10,14.923,14.5,1/23/24
OG Anunoby,NYK,10,15.112,14.5,1/23/24
OG Anunoby,NYK,10,15.112,14.5,1/23/24
OG Anunoby,NYK,26,15.2,14.5,1/25/24
OG Anunoby,NYK,26,15.2,14.5,1/25/24
OG Anunoby,NYK,26,15.247,14.5,1/25/24
OG Anunoby,NYK,26,15.247,14.5,1/25/24
OG Anunoby,NYK,19,15.293,14.5,1/27/24
OG Anunoby,NYK,19,15.293,14.5,1/27/24
OG Anunoby,NYK,19,15.293,14.5,1/27/24
OG Anunoby,NYK,19,15.293,14.5,1/27/24
Julius Randle,NYK,26,22.704,24.5,12/20/23
Julius Randle,NYK,26,22.821,24.5,12/23/23
Julius Randle,NYK,24,22.862,24.5,12/25/23
Julius Randle,NYK,25,22.933,24.5,12/27/23
Julius Randle,NYK,38,23.419,24.5,12/29/23
Julius Randle,NYK,39,24.03,25.5,1/1/24
Julius Randle,NYK,35,24.353,26.5,1/3/24
Julius Randle,NYK,8,23.886,27.5,1/5/24
Julius Randle,NYK,39,24.306,28.5,1/6/24
Julius Randle,NYK,20,24.189,28.5,1/9/24
Julius Randle,NYK,32,24.395,27.5,1/11/24
Julius Randle,NYK,24,24.385,31.5,1/13/24
Julius Randle,NYK,18,24.093,26.5,1/20/24
Julius Randle,NYK,30,24.227,25.5,1/23/24
Julius Randle,NYK,17,24.067,25.5,1/25/24
Julius Randle,NYK,19,23.957,23.5,1/27/24
Josh Hart,NYK,10,9.875,12.5,1/30/24
RJ Barrett,NYK,14,18.5,17.5,12/20/23
RJ Barrett,NYK,14,18.5,17.5,12/20/23
RJ Barrett,NYK,14,19,17.5,12/20/23
RJ Barrett,NYK,14,19,17.5,12/20/23
RJ Barrett,NYK,13,18.261,18.5,12/23/23
RJ Barrett,NYK,13,18.261,18.5,12/23/23
RJ Barrett,NYK,13,18.909,18.5,12/23/23
RJ Barrett,NYK,13,18.909,18.5,12/23/23
RJ Barrett,NYK,21,18.375,17.5,12/25/23
RJ Barrett,NYK,21,18.375,17.5,12/25/23
RJ Barrett,NYK,21,18.94,17.5,12/25/23
RJ Barrett,NYK,21,18.94,17.5,12/25/23
RJ Barrett,NYK,14,18.2,17.5,12/27/23
RJ Barrett,NYK,14,18.2,17.5,12/27/23
RJ Barrett,NYK,14,18.868,17.5,12/27/23
RJ Barrett,NYK,14,18.868,17.5,12/27/23
RJ Barrett,NYK,19,18.231,16.5,12/29/23
RJ Barrett,NYK,19,18.231,16.5,12/29/23
RJ Barrett,NYK,19,18.87,16.5,12/29/23
RJ Barrett,NYK,19,18.87,16.5,12/29/23
RJ Barrett,TOR,14,18.107,15.5,1/3/24
RJ Barrett,TOR,14,18.107,15.5,1/3/24
RJ Barrett,TOR,14,18.803,15.5,1/3/24
RJ Barrett,TOR,14,18.803,15.5,1/3/24
RJ Barrett,TOR,14,17.966,16.5,1/5/24
RJ Barrett,TOR,14,17.966,16.5,1/5/24
RJ Barrett,TOR,14,18.736,16.5,1/5/24
RJ Barrett,TOR,14,18.736,16.5,1/5/24
RJ Barrett,TOR,37,18.6,15.5,1/7/24
RJ Barrett,TOR,37,18.6,15.5,1/7/24
RJ Barrett,TOR,37,18.986,15.5,1/7/24
RJ Barrett,TOR,37,18.986,15.5,1/7/24
RJ Barrett,TOR,23,18.742,17.5,1/9/24
RJ Barrett,TOR,23,18.742,17.5,1/9/24
RJ Barrett,TOR,23,19.041,17.5,1/9/24
RJ Barrett,TOR,23,19.041,17.5,1/9/24
RJ Barrett,TOR,24,18.906,16.5,1/10/24
RJ Barrett,TOR,24,18.906,16.5,1/10/24
RJ Barrett,TOR,24,19.107,16.5,1/10/24
RJ Barrett,TOR,24,19.107,16.5,1/10/24
RJ Barrett,TOR,24,18.618,17.5,1/15/24
RJ Barrett,TOR,24,18.618,17.5,1/15/24
RJ Barrett,TOR,24,18.974,17.5,1/15/24
RJ Barrett,TOR,24,18.974,17.5,1/15/24
RJ Barrett,TOR,17,18.778,20.5,1/18/24
RJ Barrett,TOR,17,18.778,20.5,1/18/24
RJ Barrett,TOR,17,19.038,20.5,1/18/24
RJ Barrett,TOR,17,19.038,20.5,1/18/24
RJ Barrett,TOR,29,19.079,21.5,1/22/24
RJ Barrett,TOR,29,19.079,21.5,1/22/24
RJ Barrett,TOR,29,19.173,21.5,1/22/24
RJ Barrett,TOR,29,19.173,21.5,1/22/24
RJ Barrett,TOR,22,19.154,21.5,1/26/24
RJ Barrett,TOR,22,19.154,21.5,1/26/24
RJ Barrett,TOR,22,19.207,21.5,1/26/24
RJ Barrett,TOR,22,19.207,21.5,1/26/24
Isaiah Hartenstein,NYK,12,7,7.5,12/23/23
Isaiah Hartenstein,NYK,11,8.333,8.5,12/25/23
Isaiah Hartenstein,NYK,4,7.25,8.5,12/27/23
Isaiah Hartenstein,NYK,7,7.2,7.5,12/29/23
Isaiah Hartenstein,NYK,10,6.875,7.5,1/3/24
Isaiah Hartenstein,NYK,17,8,7.5,1/5/24
Isaiah Hartenstein,NYK,8,8,9.5,1/6/24
Isaiah Hartenstein,NYK,5,7.727,9.5,1/9/24
Isaiah Hartenstein,NYK,8,7.75,8.5,1/11/24
Isaiah Hartenstein,NYK,12,8.077,9.5,1/13/24
Isaiah Hartenstein,NYK,1,7.412,8.5,1/20/24
Isaiah Hartenstein,NYK,4,7.222,7.5,1/27/24
Shai Gilgeous-Alexander,OKC,31,30.72,31.5,12/21/23
Shai Gilgeous-Alexander,OKC,34,30.846,33.5,12/23/23
Shai Gilgeous-Alexander,OKC,34,30.963,33.5,12/26/23
Shai Gilgeous-Alexander,OKC,36,31.143,33.5,12/27/23
Shai Gilgeous-Alexander,OKC,40,31.448,32.5,12/29/23
Shai Gilgeous-Alexander,OKC,24,31.2,33.5,12/31/23
Shai Gilgeous-Alexander,OKC,36,31.355,32.5,1/2/24
Shai Gilgeous-Alexander,OKC,33,31.406,34.5,1/3/24
Shai Gilgeous-Alexander,OKC,34,31.485,32.5,1/5/24
Shai Gilgeous-Alexander,OKC,32,31.5,33.5,1/8/24
Shai Gilgeous-Alexander,OKC,28,31.4,32.5,1/10/24
Shai Gilgeous-Alexander,OKC,31,31.389,31.5,1/11/24
Shai Gilgeous-Alexander,OKC,37,31.541,32.5,1/13/24
Shai Gilgeous-Alexander,OKC,24,31.342,31.5,1/15/24
Shai Gilgeous-Alexander,OKC,19,31.026,30.5,1/16/24
Shai Gilgeous-Alexander,OKC,31,31.025,31.5,1/18/24
Shai Gilgeous-Alexander,OKC,33,31.073,30.5,1/20/24
Shai Gilgeous-Alexander,OKC,33,31.119,31.5,1/23/24
Shai Gilgeous-Alexander,OKC,32,31.14,33.5,1/24/24
Shai Gilgeous-Alexander,OKC,31,31.136,32.5,1/26/24
Shai Gilgeous-Alexander,OKC,31,31.133,32.5,1/28/24
Shai Gilgeous-Alexander,OKC,37,31.261,31.5,1/29/24
Jalen Williams,OKC,28,17.417,16.5,12/23/23
Jalen Williams,OKC,21,17.56,16.5,12/26/23
Jalen Williams,OKC,36,18.269,16.5,12/27/23
Jalen Williams,OKC,11,18,17.5,12/29/23
Jalen Williams,OKC,17,17.964,16.5,12/31/23
Jalen Williams,OKC,16,17.897,16.5,1/2/24
Jalen Williams,OKC,20,18.065,16.5,1/5/24
Jalen Williams,OKC,21,18.156,17.5,1/8/24
Jalen Williams,OKC,19,18.182,17.5,1/10/24
Jalen Williams,OKC,16,18.2,17.5,1/13/24
Jalen Williams,OKC,27,18.789,19.5,1/18/24
Jalen Williams,OKC,20,18.821,17.5,1/20/24
Jalen Williams,OKC,19,18.825,19.5,1/23/24
Jalen Williams,OKC,13,18.683,18.5,1/24/24
Jalen Williams,OKC,15,18.595,18.5,1/26/24
Jalen Williams,OKC,20,18.628,18.5,1/28/24
Jalen Williams,OKC,20,18.659,19.5,1/29/24
Chet Holmgren,OKC,23,17.154,16.5,12/21/23
Chet Holmgren,OKC,19,17.222,17.5,12/23/23
Chet Holmgren,OKC,20,17.321,17.5,12/26/23
Chet Holmgren,OKC,22,17.483,18.5,12/27/23
Chet Holmgren,OKC,24,17.7,17.5,12/29/23
Chet Holmgren,OKC,18,17.71,18.5,12/31/23
Chet Holmgren,OKC,14,17.594,17.5,1/2/24
Chet Holmgren,OKC,12,17.424,18.5,1/3/24
Chet Holmgren,OKC,17,17.412,17.5,1/5/24
Chet Holmgren,OKC,31,17.8,18.5,1/8/24
Chet Holmgren,OKC,23,17.944,17.5,1/10/24
Chet Holmgren,OKC,19,17.973,17.5,1/11/24
Chet Holmgren,OKC,15,17.895,17.5,1/13/24
Chet Holmgren,OKC,15,17.366,17.5,1/18/24
Chet Holmgren,OKC,15,17.31,16.5,1/20/24
Chet Holmgren,OKC,8,17.093,17.5,1/23/24
Chet Holmgren,OKC,17,17.091,15.5,1/24/24
Chet Holmgren,OKC,20,17.156,15.5,1/26/24
Chet Holmgren,OKC,9,16.978,16.5,1/28/24
Chet Holmgren,OKC,4,16.702,15.5,1/29/24
Luguentz Dort,OKC,21,11.12,10.5,12/21/23
Luguentz Dort,OKC,8,11,12.5,12/23/23
Luguentz Dort,OKC,20,11.333,10.5,12/26/23
Luguentz Dort,OKC,4,10.862,10.5,12/29/23
Luguentz Dort,OKC,18,11.1,10.5,12/31/23
Luguentz Dort,OKC,9,11.032,9.5,1/2/24
Luguentz Dort,OKC,12,11.152,10.5,1/5/24
Luguentz Dort,OKC,7,11.029,11.5,1/8/24
Luguentz Dort,OKC,14,11.114,9.5,1/10/24
Luguentz Dort,OKC,12,11.135,9.5,1/13/24
Luguentz Dort,OKC,6,11.268,11.5,1/23/24
Luguentz Dort,OKC,2,11.048,10.5,1/24/24
Luguentz Dort,OKC,4,10.884,10.5,1/26/24
Luguentz Dort,OKC,6,10.773,10.5,1/28/24
Luguentz Dort,OKC,2,10.578,8.5,1/29/24
Josh Giddey,OKC,11,11.769,10.5,12/21/23
Josh Giddey,OKC,20,11.833,10.5,12/31/23
Josh Giddey,OKC,23,12.194,10.5,1/2/24
Josh Giddey,OKC,13,12.121,11.5,1/5/24
Josh Giddey,OKC,9,12.029,12.5,1/8/24
Josh Giddey,OKC,9,11.943,11.5,1/10/24
Josh Giddey,OKC,13,11.972,11.5,1/11/24
Josh Giddey,OKC,12,11.973,10.5,1/13/24
Josh Giddey,OKC,20,12,10.5,1/18/24
Josh Giddey,OKC,5,11.829,10.5,1/20/24
Josh Giddey,OKC,7,11.714,10.5,1/23/24
Josh Giddey,OKC,12,11.721,10.5,1/24/24
Josh Giddey,OKC,4,11.545,10.5,1/26/24
Josh Giddey,OKC,12,11.556,10.5,1/28/24
Josh Giddey,OKC,13,11.587,9.5,1/29/24
Paolo Banchero,ORL,10,20.615,21.5,12/20/23
Paolo Banchero,ORL,23,20.704,20.5,12/21/23
Paolo Banchero,ORL,34,21.179,22.5,12/23/23
Paolo Banchero,ORL,24,21.276,24.5,12/26/23
Paolo Banchero,ORL,19,21.2,23.5,12/27/23
Paolo Banchero,ORL,29,21.452,23.5,12/29/23
Paolo Banchero,ORL,28,21.656,23.5,12/31/23
Paolo Banchero,ORL,27,21.818,24.5,1/2/24
Paolo Banchero,ORL,35,23.056,29.5,1/7/24
Paolo Banchero,ORL,18,22.919,28.5,1/9/24
Paolo Banchero,ORL,25,22.974,27.5,1/12/24
Paolo Banchero,ORL,20,22.897,29.5,1/13/24
Paolo Banchero,ORL,20,22.825,26.5,1/15/24
Paolo Banchero,ORL,26,22.902,27.5,1/17/24
Paolo Banchero,ORL,14,22.69,26.5,1/19/24
Paolo Banchero,ORL,20,22.628,23.5,1/21/24
Paolo Banchero,ORL,18,22.523,23.5,1/22/24
Paolo Banchero,ORL,27,22.622,21.5,1/26/24
Paolo Banchero,ORL,26,22.696,23.5,1/28/24
Paolo Banchero,ORL,36,22.979,24.5,1/29/24
Franz Wagner,ORL,15,19.769,19.5,12/20/23
Franz Wagner,ORL,24,20.25,22.5,12/23/23
Franz Wagner,ORL,28,20.517,22.5,12/26/23
Franz Wagner,ORL,24,20.633,22.5,12/27/23
Franz Wagner,ORL,32,21,23.5,12/29/23
Franz Wagner,ORL,27,21.188,22.5,12/31/23
Franz Wagner,ORL,25,21.303,23.5,1/2/24
Franz Wagner,ORL,18,20.622,18.5,1/26/24
Franz Wagner,ORL,11,20.368,19.5,1/28/24
Franz Wagner,ORL,21,20.385,19.5,1/29/24
Jalen Suggs,ORL,11,12.417,11.5,12/20/23
Jalen Suggs,ORL,21,12.963,12.5,12/29/23
Jalen Suggs,ORL,10,12.552,11.5,1/2/24
Jalen Suggs,ORL,20,13.667,15.5,1/9/24
Jalen Suggs,ORL,2,13.324,15.5,1/12/24
Jalen Suggs,ORL,4,12.944,11.5,1/15/24
Jalen Suggs,ORL,16,13.027,11.5,1/17/24
Jalen Suggs,ORL,16,13.105,11.5,1/19/24
Jalen Suggs,ORL,11,13.051,11.5,1/21/24
Jalen Suggs,ORL,0,12.561,10.5,1/26/24
Jalen Suggs,ORL,10,12.5,10.5,1/28/24
Wendell Carter Jr.,ORL,10,8.333,11.5,1/22/24
Wendell Carter Jr.,ORL,20,9.231,11.5,1/26/24
Wendell Carter Jr.,ORL,9,9.214,13.5,1/28/24
Markelle Fultz,ORL,10,11.286,10.5,1/26/24
Markelle Fultz,ORL,14,11.625,10.5,1/28/24
Goga Bitadze,ORL,2,8.308,8.5,1/9/24
Goga Bitadze,ORL,3,7.897,6.5,1/15/24
Tyrese Maxey,PHI,35,26.115,24.5,12/20/23
Tyrese Maxey,PHI,33,26.37,26.5,12/22/23
Tyrese Maxey,PHI,12,25.857,31.5,12/25/23
Tyrese Maxey,PHI,23,25.759,29.5,12/27/23
Tyrese Maxey,PHI,42,26.3,27.5,12/29/23
Tyrese Maxey,PHI,21,25.938,25.5,1/2/24
Tyrese Maxey,PHI,27,25.97,25.5,1/5/24
Tyrese Maxey,PHI,25,25.941,25.5,1/6/24
Tyrese Maxey,PHI,35,26.2,32.5,1/10/24
Tyrese Maxey,PHI,21,26.056,31.5,1/12/24
Tyrese Maxey,PHI,25,26.053,25.5,1/16/24
Tyrese Maxey,PHI,32,26.205,25.5,1/19/24
Tyrese Maxey,PHI,16,25.95,26.5,1/20/24
Tyrese Maxey,PHI,18,25.756,26.5,1/22/24
Tyrese Maxey,PHI,22,25.667,28.5,1/25/24
Joel Embiid,PHI,51,35.125,33.5,12/20/23
Joel Embiid,PHI,31,34.96,35.5,12/22/23
Joel Embiid,PHI,31,34.808,34.5,1/2/24
Joel Embiid,PHI,30,34.63,34.5,1/5/24
Joel Embiid,PHI,41,34.857,32.5,1/15/24
Joel Embiid,PHI,41,35.069,32.5,1/16/24
Joel Embiid,PHI,36,35.1,33.5,1/19/24
Joel Embiid,PHI,33,35.032,34.5,1/20/24
Joel Embiid,PHI,70,36.125,34.5,1/22/24
Joel Embiid,PHI,31,35.97,36.5,1/25/24
Tobias Harris,PHI,33,16.607,13.5,12/22/23
Tobias Harris,PHI,27,16.966,18.5,12/25/23
Tobias Harris,PHI,22,17.133,20.5,12/27/23
Tobias Harris,PHI,22,17.29,21.5,12/29/23
Tobias Harris,PHI,20,17.303,17.5,1/2/24
Tobias Harris,PHI,5,16.941,17.5,1/5/24
Tobias Harris,PHI,32,17.371,20.5,1/10/24
Tobias Harris,PHI,37,17.917,22.5,1/12/24
Tobias Harris,PHI,24,17.868,16.5,1/16/24
Tobias Harris,PHI,12,17.718,16.5,1/19/24
Tobias Harris,PHI,21,17.8,16.5,1/20/24
Tobias Harris,PHI,14,17.707,16.5,1/22/24
De'Anthony Melton,PHI,15,11.714,12.5,12/25/23
De'Anthony Melton,PHI,22,12.069,12.5,12/27/23
De'Anthony Melton,PHI,15,12.167,14.5,12/29/23
Kelly Oubre Jr.,PHI,25,14.125,15.5,12/25/23
Kelly Oubre Jr.,PHI,4,13,16.5,12/27/23
Kelly Oubre Jr.,PHI,15,13.471,11.5,1/19/24
Kelly Oubre Jr.,PHI,5,13,12.5,1/20/24
Nicolas Batum,PHI,3,5.909,,1/19/24
Nicolas Batum,PHI,9,6.043,,1/20/24
Nicolas Batum,PHI,5,6,,1/22/24
Kevin Durant,PHO,40,31,29.5,12/19/23
Kevin Durant,PHO,28,30.875,30.5,12/22/23
Kevin Durant,PHO,16,30.28,31.5,12/25/23
Kevin Durant,PHO,27,30.154,28.5,12/27/23
Kevin Durant,PHO,21,29.815,27.5,12/29/23
Kevin Durant,PHO,31,29.857,25.5,12/31/23
Kevin Durant,PHO,18,29.258,25.5,1/11/24
Kevin Durant,PHO,21,29,25.5,1/14/24
Kevin Durant,PHO,27,28.939,26.5,1/16/24
Kevin Durant,PHO,26,28.853,25.5,1/19/24
Kevin Durant,PHO,40,29.171,27.5,1/21/24
Kevin Durant,PHO,43,29.556,26.5,1/22/24
Kevin Durant,PHO,12,29.081,29.5,1/24/24
Kevin Durant,PHO,20,28.842,28.5,1/26/24
Kevin Durant,PHO,15,28.487,27.5,1/28/24
Kevin Durant,PHO,20,28.275,23.5,1/29/24
Devin Booker,PHO,26,27.944,28.5,12/19/23
Devin Booker,PHO,24,27.737,29.5,12/22/23
Devin Booker,PHO,20,27.35,30.5,12/25/23
Devin Booker,PHO,20,27,26.5,12/27/23
Devin Booker,PHO,35,27.364,26.5,12/29/23
Devin Booker,PHO,21,27.087,26.5,12/31/23
Devin Booker,PHO,35,26.72,27.5,1/3/24
Devin Booker,PHO,20,26.462,26.5,1/5/24
Devin Booker,PHO,24,26.37,26.5,1/7/24
Devin Booker,PHO,31,26.31,24.5,1/11/24
Devin Booker,PHO,34,26.567,24.5,1/14/24
Devin Booker,PHO,16,26.226,26.5,1/16/24
Devin Booker,PHO,52,27.031,24.5,1/19/24
Devin Booker,PHO,26,27,27.5,1/21/24
Devin Booker,PHO,16,26.676,26.5,1/22/24
Devin Booker,PHO,46,27.229,27.5,1/24/24
Devin Booker,PHO,62,28.194,28.5,1/26/24
Devin Booker,PHO,44,28.622,30.5,1/28/24
Devin Booker,PHO,22,28.447,30.5,1/29/24
Bradley Beal,PHO,21,16.1,20.5,1/3/24
Bradley Beal,PHO,25,16.909,20.5,1/5/24
Bradley Beal,PHO,37,17.857,17.5,1/11/24
Bradley Beal,PHO,23,18.2,18.5,1/14/24
Bradley Beal,PHO,13,17.875,20.5,1/16/24
Bradley Beal,PHO,13,17.588,18.5,1/19/24
Bradley Beal,PHO,25,18,18.5,1/21/24
Bradley Beal,PHO,18,18,18.5,1/22/24
Bradley Beal,PHO,20,18.1,18.5,1/24/24
Bradley Beal,PHO,12,17.81,19.5,1/26/24
Bradley Beal,PHO,9,17.409,17.5,1/28/24
Bradley Beal,PHO,19,17.478,17.5,1/29/24
Grayson Allen,PHO,11,12.227,11.5,12/19/23
Grayson Allen,PHO,11,12.174,12.5,12/22/23
Grayson Allen,PHO,32,13,12.5,12/25/23
Grayson Allen,PHO,10,12.966,12.5,1/3/24
Grayson Allen,PHO,31,13.567,11.5,1/5/24
Grayson Allen,PHO,5,13.212,12.5,1/11/24
Grayson Allen,PHO,20,13.412,12.5,1/14/24
Grayson Allen,PHO,29,13.857,12.5,1/16/24
Grayson Allen,PHO,12,13.806,12.5,1/19/24
Grayson Allen,PHO,13,13.784,13.5,1/21/24
Grayson Allen,PHO,9,13.658,12.5,1/22/24
Grayson Allen,PHO,15,13.692,11.5,1/24/24
Grayson Allen,PHO,11,13.625,12.5,1/26/24
Grayson Allen,PHO,3,13.238,11.5,1/29/24
Eric Gordon,PHO,14,15.167,11.5,12/25/23
Drew Eubanks,PHO,2,2,8.5,12/25/23
Jerami Grant,POR,22,22.682,22.5,12/19/23
Jerami Grant,POR,20,22.565,24.5,12/21/23
Jerami Grant,POR,13,21.96,21.5,12/26/23
Jerami Grant,POR,29,22.231,20.5,12/28/23
Jerami Grant,POR,18,21.6,19.5,1/5/24
Jerami Grant,POR,27,21.774,18.5,1/7/24
Jerami Grant,POR,21,21.75,18.5,1/9/24
Jerami Grant,POR,9,21.364,18.5,1/11/24
Jerami Grant,POR,37,21.806,19.5,1/19/24
Jerami Grant,POR,18,21.579,19.5,1/23/24
Jerami Grant,POR,21,21.564,19.5,1/24/24
Anfernee Simons,POR,23,25.375,24.5,12/19/23
Anfernee Simons,POR,41,27.111,26.5,12/21/23
Anfernee Simons,POR,29,27.091,26.5,12/26/23
Anfernee Simons,POR,6,24.538,24.5,1/5/24
Anfernee Simons,POR,38,25.5,21.5,1/7/24
Anfernee Simons,POR,12,24.6,24.5,1/9/24
Anfernee Simons,POR,14,23.938,22.5,1/11/24
Anfernee Simons,POR,28,23.111,22.5,1/14/24
Anfernee Simons,POR,20,22.947,24.5,1/17/24
Anfernee Simons,POR,19,22.75,22.5,1/21/24
Anfernee Simons,POR,17,22.476,21.5,1/23/24
Anfernee Simons,POR,33,22.955,19.5,1/24/24
Deandre Ayton,POR,16,12.636,12.5,12/19/23
Deandre Ayton,POR,23,13.087,14.5,12/21/23
Deandre Ayton,POR,5,12.481,11.5,1/23/24
Deandre Ayton,POR,18,12.679,10.5,1/24/24
Malcolm Brogdon,POR,29,16.857,16.5,12/28/23
Malcolm Brogdon,POR,18,18,17.5,1/23/24
Malcolm Brogdon,POR,19,18.048,16.5,1/24/24
Scoot Henderson,POR,8,12.5,12.5,1/9/24
Scoot Henderson,POR,13,12.538,12.5,1/11/24
Domantas Sabonis,SAC,13,18.654,18.5,12/20/23
Domantas Sabonis,SAC,28,19,20.5,12/22/23
Domantas Sabonis,SAC,17,18.929,17.5,12/23/23
Domantas Sabonis,SAC,34,19.448,21.5,12/26/23
Domantas Sabonis,SAC,25,19.633,21.5,12/29/23
Domantas Sabonis,SAC,13,19.419,21.5,12/31/23
Domantas Sabonis,SAC,23,19.531,21.5,1/2/24
Domantas Sabonis,SAC,24,19.735,21.5,1/5/24
Domantas Sabonis,SAC,17,19.657,22.5,1/7/24
Domantas Sabonis,SAC,37,20.139,23.5,1/9/24
Domantas Sabonis,SAC,24,20.243,23.5,1/10/24
Domantas Sabonis,SAC,14,20.079,22.5,1/12/24
Domantas Sabonis,SAC,21,20.103,21.5,1/14/24
Domantas Sabonis,SAC,21,20.125,20.5,1/16/24
Domantas Sabonis,SAC,21,20.146,21.5,1/18/24
Domantas Sabonis,SAC,14,20,20.5,1/22/24
Domantas Sabonis,SAC,18,19.953,20.5,1/25/24
Domantas Sabonis,SAC,17,19.886,21.5,1/27/24
Domantas Sabonis,SAC,20,19.889,18.5,1/29/24
De'Aaron Fox,SAC,29,30.05,29.5,12/20/23
De'Aaron Fox,SAC,23,29.714,29.5,12/22/23
De'Aaron Fox,SAC,27,29.591,27.5,12/23/23
De'Aaron Fox,SAC,43,30.174,29.5,12/26/23
De'Aaron Fox,SAC,31,30.208,30.5,12/29/23
De'Aaron Fox,SAC,24,29.96,30.5,12/31/23
De'Aaron Fox,SAC,30,29.962,29.5,1/2/24
De'Aaron Fox,SAC,15,29.407,29.5,1/3/24
De'Aaron Fox,SAC,24,29.214,29.5,1/5/24
De'Aaron Fox,SAC,3,28.31,28.5,1/7/24
De'Aaron Fox,SAC,26,28.233,27.5,1/9/24
De'Aaron Fox,SAC,19,27.935,27.5,1/10/24
De'Aaron Fox,SAC,21,27.719,27.5,1/12/24
De'Aaron Fox,SAC,32,27.848,26.5,1/14/24
De'Aaron Fox,SAC,33,28,27.5,1/16/24
De'Aaron Fox,SAC,24,27.886,28.5,1/18/24
De'Aaron Fox,SAC,12,27.444,27.5,1/22/24
De'Aaron Fox,SAC,29,27.486,26.5,1/25/24
De'Aaron Fox,SAC,34,27.658,25.5,1/27/24
De'Aaron Fox,SAC,23,27.538,25.5,1/29/24
Keegan Murray,SAC,21,16.043,17.5,12/22/23
Keegan Murray,SAC,20,16.208,16.5,12/23/23
Keegan Murray,SAC,5,15.76,18.5,12/26/23
Keegan Murray,SAC,9,15.5,16.5,12/29/23
Keegan Murray,SAC,10,15.296,14.5,12/31/23
Keegan Murray,SAC,10,15.107,15.5,1/2/24
Keegan Murray,SAC,18,15.633,15.5,1/5/24
Keegan Murray,SAC,8,15.387,16.5,1/7/24
Keegan Murray,SAC,32,15.906,15.5,1/9/24
Keegan Murray,SAC,25,16.182,14.5,1/10/24
Keegan Murray,SAC,15,16.147,16.5,1/12/24
Keegan Murray,SAC,4,15.8,16.5,1/14/24
Keegan Murray,SAC,18,15.861,15.5,1/16/24
Keegan Murray,SAC,27,16.162,17.5,1/18/24
Keegan Murray,SAC,13,16.079,17.5,1/22/24
Keegan Murray,SAC,14,16.026,15.5,1/25/24
Keegan Murray,SAC,15,16,16.5,1/27/24
Keegan Murray,SAC,5,15.732,15.5,1/29/24
Harrison Barnes,SAC,19,11.815,11.5,12/22/23
Harrison Barnes,SAC,12,11.821,10.5,12/23/23
Harrison Barnes,SAC,9,11.724,11.5,12/26/23
Harrison Barnes,SAC,2,11.4,11.5,12/29/23
Harrison Barnes,SAC,3,11.125,10.5,1/2/24
Harrison Barnes,SAC,16,11.441,9.5,1/5/24
Harrison Barnes,SAC,10,11.4,10.5,1/7/24
Harrison Barnes,SAC,0,11.083,10.5,1/9/24
Harrison Barnes,SAC,8,10.775,9.5,1/16/24
Harrison Barnes,SAC,2,10.561,9.5,1/18/24
Harrison Barnes,SAC,32,11.071,8.5,1/22/24
Harrison Barnes,SAC,39,11.721,9.5,1/25/24
Harrison Barnes,SAC,12,11.911,14.5,1/29/24
Kevin Huerter,SAC,2,10.778,10.5,12/23/23
Kevin Huerter,SAC,5,10.571,8.5,12/26/23
Kevin Huerter,SAC,7,10.448,8.5,12/29/23
Kevin Huerter,SAC,0,9.903,10.5,1/10/24
Kevin Huerter,SAC,31,11,10.5,1/18/24
Kevin Huerter,SAC,8,10.914,14.5,1/22/24
Kevin Huerter,SAC,12,10.944,10.5,1/25/24
Kevin Huerter,SAC,18,11.135,11.5,1/27/24
Kevin Huerter,SAC,17,11.289,11.5,1/29/24
Devin Vassell,SAS,17,18.533,19.5,12/19/23
Devin Vassell,SAS,21,18.688,17.5,12/21/23
Devin Vassell,SAS,9,18.118,18.5,12/23/23
Devin Vassell,SAS,17,18.263,20.5,12/28/23
Devin Vassell,SAS,22,18.619,18.5,12/31/23
Devin Vassell,SAS,11,18.273,20.5,1/2/24
Devin Vassell,SAS,34,18.957,19.5,1/4/24
Devin Vassell,SAS,22,19.083,18.5,1/7/24
Devin Vassell,SAS,16,18.96,22.5,1/10/24
Devin Vassell,SAS,12,18.692,21.5,1/12/24
Devin Vassell,SAS,4,17.679,19.5,1/15/24
Devin Vassell,SAS,21,17.793,17.5,1/17/24
Devin Vassell,SAS,17,17.767,20.5,1/19/24
Devin Vassell,SAS,21,17.871,19.5,1/20/24
Devin Vassell,SAS,22,18,16.5,1/22/24
Devin Vassell,SAS,21,18.091,17.5,1/24/24
Devin Vassell,SAS,24,18.361,19.5,1/29/24
Keldon Johnson,SAS,28,17.48,19.5,12/19/23
Keldon Johnson,SAS,11,17.231,18.5,12/21/23
Jeremy Sochan,SAS,9,10.52,10.5,12/19/23
Jeremy Sochan,SAS,9,10.462,9.5,12/21/23
Jeremy Sochan,SAS,23,10.926,11.5,12/23/23
Jeremy Sochan,SAS,16,11.379,12.5,12/28/23
Jeremy Sochan,SAS,9,11,10.5,12/31/23
Jeremy Sochan,SAS,12,11.031,11.5,1/2/24
Jeremy Sochan,SAS,9,10.97,11.5,1/4/24
Jeremy Sochan,SAS,11,10.971,9.5,1/7/24
Jeremy Sochan,SAS,15,11.086,11.5,1/10/24
Jeremy Sochan,SAS,13,11.139,11.5,1/12/24
Jeremy Sochan,SAS,23,11.447,11.5,1/15/24
Jeremy Sochan,SAS,5,11.282,11.5,1/17/24
Jeremy Sochan,SAS,11,11.275,13.5,1/19/24
Jeremy Sochan,SAS,23,11.561,12.5,1/20/24
Jeremy Sochan,SAS,14,11.619,11.5,1/22/24
Jeremy Sochan,SAS,2,11.395,12.5,1/24/24
Jeremy Sochan,SAS,2,11.652,13.5,1/29/24
Victor Wembanyama,SAS,7,18.48,21.5,12/21/23
Victor Wembanyama,SAS,21,18.857,16.5,12/31/23
Victor Wembanyama,SAS,27,19.167,19.5,1/4/24
Victor Wembanyama,SAS,24,19.323,19.5,1/7/24
Victor Wembanyama,SAS,16,19.219,21.5,1/10/24
Victor Wembanyama,SAS,26,19.424,21.5,1/12/24
Victor Wembanyama,SAS,26,19.618,20.5,1/15/24
Victor Wembanyama,SAS,27,19.829,20.5,1/17/24
Victor Wembanyama,SAS,24,19.944,21.5,1/20/24
Victor Wembanyama,SAS,33,20.297,21.5,1/22/24
Victor Wembanyama,SAS,24,20.395,22.5,1/24/24
Victor Wembanyama,SAS,23,20.462,23.5,1/26/24
Victor Wembanyama,SAS,23,20.525,21.5,1/27/24
Victor Wembanyama,SAS,22,20.561,25.5,1/29/24
Tre Jones,SAS,11,15.667,13.5,1/10/24
Tre Jones,SAS,6,13.25,12.5,1/12/24
Tre Jones,SAS,6,14.833,12.5,1/15/24
Tre Jones,SAS,9,14,10.5,1/17/24
Tre Jones,SAS,16,14.25,13.5,1/19/24
Tre Jones,SAS,11,13.889,12.5,1/20/24
Tre Jones,SAS,12,13.7,10.5,1/22/24
Tre Jones,SAS,9,13.273,11.5,1/26/24
Tre Jones,SAS,12,13.167,9.5,1/27/24
Tre Jones,SAS,11,13,11.5,1/29/24
Zach Collins,SAS,22,14.143,12.5,12/19/23
Malaki Branham,SAS,12,10.571,11.5,12/19/23
Malaki Branham,SAS,12,10.812,11.5,12/23/23
Malaki Branham,SAS,11,10.4,10.5,12/31/23
Malaki Branham,SAS,2,10,11.5,1/2/24
Scottie Barnes,TOR,30,20.63,20.5,12/20/23
Scottie Barnes,TOR,12,20.321,21.5,12/22/23
Scottie Barnes,TOR,32,20.724,21.5,12/23/23
Scottie Barnes,TOR,20,20.7,22.5,12/27/23
Scottie Barnes,TOR,20,21,21.5,1/1/24
Scottie Barnes,TOR,20,20.971,20.5,1/3/24
Scottie Barnes,TOR,20,20.943,20.5,1/5/24
Scottie Barnes,TOR,6,20.528,20.5,1/7/24
Scottie Barnes,TOR,26,20.676,19.5,1/9/24
Scottie Barnes,TOR,12,20.447,18.5,1/10/24
Scottie Barnes,TOR,10,20.15,18.5,1/15/24
Scottie Barnes,TOR,31,20.405,19.5,1/18/24
Scottie Barnes,TOR,9,20.14,19.5,1/20/24
Scottie Barnes,TOR,22,20.182,20.5,1/22/24
Scottie Barnes,TOR,23,20.244,21.5,1/26/24
Scottie Barnes,TOR,24,20.326,23.5,1/28/24
Scottie Barnes,TOR,13,20.17,23.5,1/30/24
Immanuel Quickley,TOR,26,20,15.5,1/3/24
Immanuel Quickley,TOR,20,20,17.5,1/5/24
Immanuel Quickley,TOR,9,17.25,19.5,1/7/24
Immanuel Quickley,TOR,21,18,17.5,1/9/24
Immanuel Quickley,TOR,25,19.167,18.5,1/10/24
Immanuel Quickley,TOR,21,18.875,18.5,1/15/24
Immanuel Quickley,TOR,12,18,20.5,1/18/24
Immanuel Quickley,TOR,12,17.455,19.5,1/20/24
Immanuel Quickley,TOR,8,16.667,18.5,1/22/24
Jakob Poeltl,TOR,4,10.593,9.5,12/20/23
Jakob Poeltl,TOR,19,10.893,8.5,12/22/23
Jakob Poeltl,TOR,2,10.586,10.5,12/23/23
Jakob Poeltl,TOR,10,10.567,11.5,12/27/23
Jakob Poeltl,TOR,14,10.515,9.5,1/1/24
Jakob Poeltl,TOR,7,10.412,9.5,1/3/24
Jakob Poeltl,TOR,14,10.514,10.5,1/5/24
Jakob Poeltl,TOR,14,10.611,9.5,1/7/24
Gary Trent Jr.,TOR,13,14.2,12.5,1/26/24
Gary Trent Jr.,TOR,16,14.364,13.5,1/28/24
Gary Trent Jr.,TOR,24,15.167,15.5,1/30/24
Lauri Markkanen,UTA,24,24,24.5,12/28/23
Lauri Markkanen,UTA,12,23.478,24.5,12/30/23
Lauri Markkanen,UTA,17,23.208,24.5,1/1/24
Lauri Markkanen,UTA,31,23.52,22.5,1/3/24
Lauri Markkanen,UTA,17,23.269,21.5,1/5/24
Lauri Markkanen,UTA,33,23.63,21.5,1/6/24
Lauri Markkanen,UTA,21,23.536,22.5,1/8/24
Lauri Markkanen,UTA,26,23.621,21.5,1/10/24
Lauri Markkanen,UTA,22,23.567,24.5,1/12/24
Lauri Markkanen,UTA,29,23.742,23.5,1/13/24
Lauri Markkanen,UTA,32,24,25.5,1/15/24
Lauri Markkanen,UTA,26,24.061,24.5,1/18/24
Lauri Markkanen,UTA,22,24,24.5,1/20/24
Lauri Markkanen,UTA,11,23.629,24.5,1/23/24
Lauri Markkanen,UTA,29,23.778,24.5,1/25/24
Lauri Markkanen,UTA,33,24.027,24.5,1/27/24
Lauri Markkanen,UTA,13,23.737,23.5,1/29/24
Lauri Markkanen,UTA,14,23.487,23.5,1/30/24
John Collins,UTA,10,13.556,10.5,12/30/23
John Collins,UTA,15,13.607,11.5,1/1/24
John Collins,UTA,17,13.724,11.5,1/3/24
John Collins,UTA,12,13.667,10.5,1/5/24
John Collins,UTA,19,13.839,11.5,1/6/24
John Collins,UTA,19,14,12.5,1/8/24
John Collins,UTA,15,14.03,13.5,1/10/24
John Collins,UTA,4,13.735,14.5,1/12/24
John Collins,UTA,19,13.886,11.5,1/13/24
John Collins,UTA,21,13.973,12.5,1/18/24
John Collins,UTA,7,13.789,11.5,1/20/24
John Collins,UTA,22,14,12.5,1/25/24
John Collins,UTA,20,14.146,13.5,1/27/24
John Collins,UTA,15,14.167,13.5,1/29/24
John Collins,UTA,11,14.093,12.5,1/30/24
Collin Sexton,UTA,20,25.6,21.5,12/20/23
Collin Sexton,UTA,22,23.1,18.5,12/30/23
Collin Sexton,UTA,8,21.727,21.5,1/1/24
Collin Sexton,UTA,25,22,17.5,1/3/24
Collin Sexton,UTA,13,21.308,15.5,1/5/24
Collin Sexton,UTA,22,21.357,16.5,1/6/24
Collin Sexton,UTA,19,21.2,17.5,1/8/24
Collin Sexton,UTA,22,21.25,17.5,1/10/24
Collin Sexton,UTA,20,21.176,18.5,1/12/24
Collin Sexton,UTA,27,21.5,18.5,1/13/24
Collin Sexton,UTA,31,22.4,19.5,1/18/24
Collin Sexton,UTA,28,22.667,19.5,1/20/24
Collin Sexton,UTA,22,22.636,21.5,1/23/24
Collin Sexton,UTA,11,22.13,22.5,1/25/24
Collin Sexton,UTA,24,22.208,17.5,1/27/24
Collin Sexton,UTA,6,21.56,19.5,1/29/24
Collin Sexton,UTA,22,21.577,19.5,1/30/24
Kyle Kuzma,WAS,32,23.556,24.5,12/21/23
Kyle Kuzma,WAS,7,22.964,25.5,12/22/23
Kyle Kuzma,WAS,17,22.759,22.5,12/26/23
Kyle Kuzma,WAS,14,22.467,21.5,12/27/23
Kyle Kuzma,WAS,26,22.581,21.5,12/29/23
Kyle Kuzma,WAS,38,23.062,24.5,12/31/23
Kyle Kuzma,WAS,16,22.848,23.5,1/3/24
Kyle Kuzma,WAS,9,22.441,22.5,1/5/24
Kyle Kuzma,WAS,27,22.571,20.5,1/6/24
Kyle Kuzma,WAS,22,22.556,22.5,1/8/24
Kyle Kuzma,WAS,11,22.243,23.5,1/10/24
Kyle Kuzma,WAS,29,22.421,24.5,1/13/24
Kyle Kuzma,WAS,21,22.385,23.5,1/15/24
Kyle Kuzma,WAS,15,22.2,21.5,1/18/24
Kyle Kuzma,WAS,11,21.927,21.5,1/20/24
Kyle Kuzma,WAS,17,21.81,18.5,1/21/24
Kyle Kuzma,WAS,17,21.698,,1/24/24
Kyle Kuzma,WAS,26,21.795,20.5,1/25/24
Kyle Kuzma,WAS,30,21.978,23.5,1/27/24
Kyle Kuzma,WAS,18,21.891,23.5,1/29/24
Jordan Poole,WAS,13,17.192,18.5,12/21/23
Jordan Poole,WAS,30,17.929,18.5,12/26/23
Jordan Poole,WAS,14,17.793,22.5,12/27/23
Jordan Poole,WAS,5,17.367,19.5,12/29/23
Jordan Poole,WAS,13,17.226,19.5,12/31/23
Jordan Poole,WAS,8,16.938,16.5,1/3/24
Jordan Poole,WAS,2,16.485,16.5,1/5/24
Jordan Poole,WAS,10,16.294,15.5,1/6/24
Jordan Poole,WAS,24,16.514,14.5,1/8/24
Jordan Poole,WAS,28,16.833,16.5,1/10/24
Jordan Poole,WAS,20,16.919,19.5,1/13/24
Jordan Poole,WAS,16,16.895,19.5,1/15/24
Jordan Poole,WAS,24,17.077,16.5,1/18/24
Jordan Poole,WAS,16,17.05,20.5,1/20/24
Jordan Poole,WAS,4,16.732,17.5,1/21/24
Jordan Poole,WAS,18,16.535,16.5,1/25/24
Jordan Poole,WAS,17,16.545,15.5,1/27/24
Jordan Poole,WAS,13,16.467,16.5,1/29/24
Tyus Jones,WAS,24,12.222,12.5,12/21/23
Tyus Jones,WAS,22,12.621,12.5,12/26/23
Tyus Jones,WAS,11,12.567,13.5,12/27/23
Tyus Jones,WAS,12,12.548,12.5,12/29/23
Tyus Jones,WAS,14,12.594,13.5,12/31/23
Tyus Jones,WAS,9,12.485,12.5,1/3/24
Tyus Jones,WAS,16,12.588,12.5,1/5/24
Tyus Jones,WAS,11,12.543,12.5,1/6/24
Tyus Jones,WAS,18,12.694,12.5,1/8/24
Tyus Jones,WAS,11,12.649,13.5,1/10/24
Tyus Jones,WAS,8,12.526,14.5,1/13/24
Tyus Jones,WAS,22,12.769,13.5,1/15/24
Tyus Jones,WAS,2,12.5,12.5,1/18/24
Tyus Jones,WAS,13,12.512,12.5,1/20/24
Tyus Jones,WAS,15,12.571,11.5,1/21/24
Tyus Jones,WAS,5,12.395,12.5,1/24/24
Tyus Jones,WAS,12,12.386,12.5,1/25/24
Tyus Jones,WAS,12,12.378,13.5,1/27/24
Tyus Jones,WAS,15,12.435,12.5,1/29/24
Deni Avdija,WAS,13,11.593,10.5,12/21/23
Deni Avdija,WAS,2,11.103,9.5,12/26/23
Deni Avdija,WAS,21,11.452,9.5,12/29/23
Deni Avdija,WAS,17,11.625,13.5,12/31/23
Deni Avdija,WAS,7,11.485,12.5,1/3/24
Deni Avdija,WAS,13,11.529,12.5,1/5/24
Deni Avdija,WAS,23,11.857,12.5,1/6/24
Deni Avdija,WAS,17,12,13.5,1/8/24
Deni Avdija,WAS,15,12.081,13.5,1/10/24
Deni Avdija,WAS,19,12.263,14.5,1/13/24
Deni Avdija,WAS,12,12.256,15.5,1/15/24
Deni Avdija,WAS,15,12.325,13.5,1/18/24
Deni Avdija,WAS,16,12.415,13.5,1/20/24
Deni Avdija,WAS,4,12.214,13.5,1/21/24
Deni Avdija,WAS,24,12.488,,1/24/24
Deni Avdija,WAS,13,12.5,14.5,1/25/24
Deni Avdija,WAS,10,12.444,13.5,1/27/24
Deni Avdija,WAS,9,12.37,12.5,1/29/24
Daniel Gafford,WAS,16,10.833,12.5,12/21/23
Daniel Gafford,WAS,13,11.077,11.5,12/26/23
Daniel Gafford,WAS,12,11.111,11.5,12/27/23
Daniel Gafford,WAS,4,10.857,11.5,12/29/23
Daniel Gafford,WAS,10,10.828,12.5,12/31/23
Daniel Gafford,WAS,12,10.867,10.5,1/3/24
Daniel Gafford,WAS,4,10.645,11.5,1/5/24
Daniel Gafford,WAS,6,10.5,9.5,1/6/24
Daniel Gafford,WAS,9,10.455,9.5,1/8/24
Daniel Gafford,WAS,12,10.5,9.5,1/10/24
Daniel Gafford,WAS,10,10.486,11.5,1/13/24
Daniel Gafford,WAS,8,10.417,10.5,1/15/24
Daniel Gafford,WAS,10,10.526,9.5,1/24/24
Daniel Gafford,WAS,13,10.59,10.5,1/25/24
Daniel Gafford,WAS,15,10.7,11.5,1/27/24
Daniel Gafford,WAS,16,10.829,11.5,1/29/24